Scene Token,Scene Name,Description,Num Samples,Camera,LiDAR,RADAR,Num_Vehicle_Observations,Num_Vehicles,Mean_Vehicle_Speed_mps,Median_Vehicle_Speed_mps,P95_Vehicle_Speed_mps,weather,area,daytime,season,lighting,structure,construction,Eligible,Selection_Speed_Group,Selection_Reason
2f60705136a348a0aad2283d38f33edd,scene-a47fe0701d2b40628c47322c9f991986-8,weather.clear;area.city;daytime.noon;season.winter;lighting.illuminated;structure.regular;construction.unchanged,40,804,1205,2365,3255,132,3.1735623219980185,0.22471322258839704,13.673180731036696,clear,city,noon,winter,illuminated,regular,unchanged,True,Q1_low,context_representative
9ebc1f5c148244b0ae4bb42b49339186,scene-3f542f89ec5241b6a4e30ca743adcf34-31,weather.overcast;area.highway;daytime.morning;season.summer;lighting.illuminated;structure.regular;construction.roadworks,40,804,1206,2218,3156,154,11.807039723401063,16.377670188577035,23.89452446795871,overcast,highway,morning,summer,illuminated,regular,roadworks,True,Q2,context_representative
37f8e26d4e964073be50d6fb4e04af45,scene-0afa5cb3c6d34a998a7da1c6206511c7-2,weather.rain;area.highway;daytime.noon;season.autumn;lighting.glare;structure.underpass;construction.unchanged,40,805,1208,2382,2935,122,6.066614782891366,3.398300620731854,28.713307478733732,rain,highway,noon,autumn,glare,underpass,unchanged,True,Q1_low,context_representative
6cd748a73e834510b4457d254f628cd4,scene-0afa5cb3c6d34a998a7da1c6206511c7-6,weather.rain;area.highway;daytime.noon;season.autumn;lighting.dark;structure.regular;construction.unchanged,40,805,1207,2405,2924,100,5.537524415379369,2.4721485765481184,25.549060675145206,rain,highway,noon,autumn,dark,regular,unchanged,True,Q1_low,context_representative
099f5eaf96d74a2cbd7f60dc760a050f,scene-f64433299e854aff822d736aca2a62b4-24,weather.clear;area.highway;daytime.morning;season.summer;lighting.illuminated;structure.overpass;construction.unchanged,40,805,1207,2344,2809,163,8.173102969654035,1.6008582578090949,25.929663413456357,clear,highway,morning,summer,illuminated,overpass,unchanged,True,Q1_low,context_representative
da2cbd2cbd354da0a10ee33a6bc09c09,scene-2a8ba56871df4cbd9ae75f13c3171af2-8,weather.overcast;area.city;daytime.noon;season.autumn;lighting.illuminated;structure.regular;construction.unchanged,40,804,1205,2369,2791,101,3.5859849698443873,0.2314638077036418,16.684835110567672,overcast,city,noon,autumn,illuminated,regular,unchanged,True,Q1_low,context_representative
984086cdc4b14ef699f3635a4f5ff8cd,scene-0afa5cb3c6d34a998a7da1c6206511c7-5,weather.rain;area.highway;daytime.noon;season.autumn;lighting.glare;structure.regular;construction.unchanged,40,805,1208,2415,2714,106,6.429750617877629,2.9847732376890694,30.033076827147998,rain,highway,noon,autumn,glare,regular,unchanged,True,Q1_low,context_representative
a4c7a781c4dd49479fe8c56a4259b548,scene-9a38f389937c4b3f96a8b81eb3902261-3,weather.rain;area.city;daytime.evening;season.autumn;lighting.glare;structure.regular;construction.unchanged,40,805,1208,2316,2698,127,4.791389252543879,0.4930219562146181,15.16318278101308,rain,city,evening,autumn,glare,regular,unchanged,True,Q1_low,context_representative
05e9a973df154ce4929fb93715d2563e,scene-bd14694f937f4df3aa278c5a9cc2a554-21,weather.overcast;area.highway;daytime.noon;season.summer;lighting.illuminated;structure.regular;construction.unchanged,40,804,1206,2280,2691,180,7.489843897175826,2.032109551330399,25.931709879821952,overcast,highway,noon,summer,illuminated,regular,unchanged,True,Q1_low,context_representative
c410894ce8374a4f93a4fabff8dfb52c,scene-b201f6e737e34c2d87830fc1e2911516-7,weather.rain;area.highway;daytime.noon;season.autumn;lighting.illuminated;structure.regular;construction.unchanged,40,805,1207,2239,2635,97,5.353969647615862,2.9873248280075497,24.153459939460905,rain,highway,noon,autumn,illuminated,regular,unchanged,True,Q1_low,context_representative
763c76e468174b35a2d828ff4b117883,scene-a2fd0ce217b5420982d94bccc8e0614c-15,weather.overcast;area.rural;daytime.noon;season.winter;lighting.illuminated;structure.regular;construction.unchanged,35,805,1105,2239,2601,209,2.784414604986064,0.39446463336655885,18.82965789396188,overcast,rural,noon,winter,illuminated,regular,unchanged,True,Q1_low,context_representative
749909f0d1c343d785d5c68428d152ae,scene-a47fe0701d2b40628c47322c9f991986-13,weather.clear;area.city;daytime.evening;season.winter;lighting.twilight;structure.regular;construction.unchanged,40,804,1205,2408,2509,91,3.465027247656927,1.8819940647063547,10.877889337809158,clear,city,evening,winter,twilight,regular,unchanged,True,Q1_low,context_representative
38d4ba33fce94499be34f32d245113ed,scene-a6a87db5125846bda72ccfc9931ee153-11,weather.clear;area.city;daytime.noon;season.winter;lighting.twilight;structure.regular;construction.unchanged,40,804,1208,2387,2397,115,3.5781074486392277,0.2972971985365936,12.032726974304829,clear,city,noon,winter,twilight,regular,unchanged,True,Q1_low,context_representative
af20c17d63d84dd984b954e69aad8d82,scene-a47fe0701d2b40628c47322c9f991986-12,weather.clear;area.city;daytime.evening;season.winter;lighting.illuminated;structure.regular;construction.unchanged,40,804,1205,2404,2311,96,3.2165726766892524,0.6863826577683952,9.895168898667023,clear,city,evening,winter,illuminated,regular,unchanged,True,Q1_low,context_representative
fbf11c4e44fd44ebb10d7ecddc10d5ca,scene-c95d907aed7f472e9fd73f9aac273878-21,weather.rain;area.highway;daytime.morning;season.summer;lighting.illuminated;structure.regular;construction.unchanged,40,804,1206,2277,2302,157,16.406689165005123,23.513458837695246,34.72908560798231,rain,highway,morning,summer,illuminated,regular,unchanged,True,Q2,context_representative
ea2c3f00182a46389c971b9f3ca50c93,scene-3f542f89ec5241b6a4e30ca743adcf34-35,weather.overcast;area.highway;daytime.morning;season.summer;lighting.illuminated;structure.underpass;construction.unchanged,40,804,1205,2225,2218,134,15.560933121399934,15.48547289390354,31.806791500898985,overcast,highway,morning,summer,illuminated,underpass,unchanged,True,Q2,context_representative
c31c14c89d304ee3964e25c216c2255a,scene-a038db099ca34ec4b8a9422758969bb8-17,weather.rain;area.city;daytime.noon;season.autumn;lighting.illuminated;structure.regular;construction.unchanged,40,805,1207,2395,2203,122,4.519383942648118,0.2888244758295936,15.045640899919395,rain,city,noon,autumn,illuminated,regular,unchanged,True,Q1_low,context_representative
073e6bb18188424ea9981e3845df54a6,scene-fb64d203d417452f830ca73efed80c41-11,weather.clear;area.city;daytime.noon;season.winter;lighting.other_lighting;structure.regular;construction.unchanged,40,805,1208,2337,2162,105,5.656245474184143,2.777783264660004,18.190933081373576,clear,city,noon,winter,other_lighting,regular,unchanged,True,Q1_low,context_representative
a19b8130134c433aad7855ac76124e30,scene-f64433299e854aff822d736aca2a62b4-1,weather.overcast;area.highway;daytime.morning;season.summer;lighting.illuminated;structure.regular;construction.unchanged,40,805,1208,2318,2122,150,21.37628967984188,24.123100165087173,33.589848843138036,overcast,highway,morning,summer,illuminated,regular,unchanged,True,Q2,context_representative
875ae02579a34c0e9ed2d6238ba61b6c,scene-4e55ee3cceca4d1f898971a91bd4d484-2,weather.rain;area.highway;daytime.evening;season.autumn;lighting.glare;structure.regular;construction.unchanged,40,804,1206,2406,2112,108,7.549476766024296,5.6457123945968775,26.789548431560625,rain,highway,evening,autumn,glare,regular,unchanged,True,Q1_low,context_representative
18babff0f80e404dbdaa67483da1a949,scene-f93a210836d541c3809592c1c2671bf2-4,weather.overcast;area.highway;daytime.noon;season.summer;lighting.illuminated;structure.regular;construction.roadworks,40,805,1208,2201,2056,79,2.1311838619433954,0.22757244447770436,13.41309103834673,overcast,highway,noon,summer,illuminated,regular,roadworks,True,Q1_low,context_representative
81f0a41d0a7a44e0ae8f8ea0ade95fdf,scene-23160c4bff134cdd86b96ee822b4aca9-14,weather.overcast;area.city;daytime.noon;season.winter;lighting.illuminated;structure.bridge;construction.unchanged,40,805,1208,2306,2034,95,2.470869923825459,0.362843644370824,10.217572094596523,overcast,city,noon,winter,illuminated,bridge,unchanged,True,Q1_low,context_representative
23cdea4652a14fe9a81230e989630794,scene-ea5f9f9ec8764612b68cca98c767aadb-7,weather.overcast;area.city;daytime.noon;season.winter;lighting.illuminated;structure.regular;construction.unchanged,40,804,1205,2368,2010,124,8.125176737645242,10.31477172858294,15.621839821048368,overcast,city,noon,winter,illuminated,regular,unchanged,True,Q1_low,context_representative
6a10e6e4d21b4cb2b7c76e5a688ee613,scene-a6a87db5125846bda72ccfc9931ee153-4,weather.clear;area.rural;daytime.noon;season.winter;lighting.illuminated;structure.regular;construction.unchanged,40,804,1208,2134,2001,155,5.359744850988434,0.31994699761523776,19.624392959765995,clear,rural,noon,winter,illuminated,regular,unchanged,True,Q1_low,context_representative
498319519ddb4641919460b65c65c668,scene-fb64d203d417452f830ca73efed80c41-12,weather.clear;area.city;daytime.noon;season.winter;lighting.illuminated;structure.overpass;construction.unchanged,40,805,1208,2343,1964,107,5.7261708123564565,0.5529299602465175,26.020722841333523,clear,city,noon,winter,illuminated,overpass,unchanged,True,Q1_low,context_representative
794c21d9a4aa4bfcb437cacbc1e36589,scene-3f542f89ec5241b6a4e30ca743adcf34-30,weather.overcast;area.highway;daytime.morning;season.summer;lighting.illuminated;structure.underpass;construction.roadworks,40,804,1206,2377,1914,119,17.269502900278425,18.757492971903545,24.449150925031503,overcast,highway,morning,summer,illuminated,underpass,roadworks,True,Q2,context_representative
376cb123312e4182aaa5254868d8dafc,scene-6ef44746fd28480cb19b5067ae254496-4,weather.overcast;area.residential;daytime.morning;season.winter;lighting.illuminated;structure.regular;construction.unchanged,40,804,1205,2221,1859,138,3.022449449141322,0.18808439002594746,15.933189429421917,overcast,residential,morning,winter,illuminated,regular,unchanged,True,Q1_low,context_representative
fd5476115e5044a0a16da62f6f23bdb4,scene-a038db099ca34ec4b8a9422758969bb8-6,weather.rain;area.highway;daytime.noon;season.autumn;lighting.illuminated;structure.overpass;construction.unchanged,40,805,1208,2325,1849,112,17.40535869529444,15.089339319466166,41.128880659134,rain,highway,noon,autumn,illuminated,overpass,unchanged,True,Q2,context_representative
bfe5157ddf0a47648a60d3e2737e8868,scene-b201f6e737e34c2d87830fc1e2911516-8,weather.rain;area.highway;daytime.noon;season.autumn;lighting.illuminated;structure.underpass;construction.unchanged,40,805,1208,2406,1835,82,8.24971349727648,4.236443700631446,25.266638355262195,rain,highway,noon,autumn,illuminated,underpass,unchanged,True,Q1_low,context_representative
e3bfe10bcfec42279a20e4ccc4f2dfa0,scene-41640f6466f34238b0c03f673abe9417-9,weather.clear;area.rural;daytime.morning;season.autumn;lighting.dark;structure.regular;construction.unchanged,40,804,1205,2391,1802,94,3.1228689200598705,0.990860615109643,11.616772157356849,clear,rural,morning,autumn,dark,regular,unchanged,True,Q1_low,context_representative
1f2b946b102546979e43b599b9f03684,scene-13f4b71b1bd04a9e88747ad8f58a3f67-3,weather.clear;area.highway;daytime.evening;season.autumn;lighting.dark;structure.regular;construction.unchanged,40,804,1205,2242,1766,95,12.734967864638167,0.4274784088462194,41.072401657877094,clear,highway,evening,autumn,dark,regular,unchanged,True,Q1_low,context_representative
d0fdd6b9c9bf454dacbfbdcc4feb8fa1,scene-77886a3724c74c87a829ba90212673df-13,weather.clear;area.terminal;daytime.noon;season.summer;lighting.illuminated;structure.regular;construction.unchanged,40,805,1207,2330,1748,50,0.5021636450689722,0.17362491002952657,2.515600431529768,clear,terminal,noon,summer,illuminated,regular,unchanged,True,Q1_low,context_representative
48b950ce501646659715b57b365a95f3,scene-f64433299e854aff822d736aca2a62b4-20,weather.clear;area.highway;daytime.morning;season.summer;lighting.illuminated;structure.underpass;construction.unchanged,40,805,1208,2319,1724,112,22.636501054212697,23.48034989703543,29.166745563462673,clear,highway,morning,summer,illuminated,underpass,unchanged,True,Q2,context_representative
a813a0ab1e8c42ffac99478eed36ffff,scene-ea5f9f9ec8764612b68cca98c767aadb-2,weather.clear;area.highway;daytime.noon;season.winter;lighting.illuminated;structure.overpass;construction.roadworks,40,804,1205,2374,1700,104,25.786201853222906,27.02448025838537,33.600924562695056,clear,highway,noon,winter,illuminated,overpass,roadworks,True,Q3,context_representative
53d36a58f51d40ebb88f320663773fa9,scene-3195e3bfd1de4f9ba82f874790c7856c-5,weather.overcast;area.highway;daytime.noon;season.summer;lighting.illuminated;structure.underpass;construction.roadworks,40,805,1208,2384,1687,92,12.19130007645469,7.706722623292781,32.667956084843134,overcast,highway,noon,summer,illuminated,underpass,roadworks,True,Q1_low,context_representative
e958cead1b82452bae9eef24831f0d89,scene-41640f6466f34238b0c03f673abe9417-15,weather.clear;area.highway;daytime.morning;season.autumn;lighting.twilight;structure.regular;construction.unchanged,40,804,1206,2394,1668,104,28.026632377510396,28.108551025831837,33.60550511197476,clear,highway,morning,autumn,twilight,regular,unchanged,True,Q3,context_representative
d0b02e67e97a435192bf43f7bb0f902c,scene-b13542304b244af585a646082c57a079-1,weather.snow;area.city;daytime.noon;season.autumn;lighting.illuminated;structure.regular;construction.unchanged,40,805,1207,2379,1592,63,2.394735535672204,0.45211816541015887,9.436193571232161,snow,city,noon,autumn,illuminated,regular,unchanged,True,Q1_low,context_representative
76dc9bb6edf24049af72ba146af55c43,scene-b13542304b244af585a646082c57a079-5,weather.snow;area.highway;daytime.noon;season.autumn;lighting.illuminated;structure.regular;construction.unchanged,40,805,1207,2397,1570,82,20.165142567810815,19.080746798636234,28.87462739748678,snow,highway,noon,autumn,illuminated,regular,unchanged,True,Q2,context_representative
a5244a635ebf4583a20be66b1d34cf7e,scene-41640f6466f34238b0c03f673abe9417-13,weather.clear;area.highway;daytime.morning;season.autumn;lighting.twilight;structure.underpass;construction.unchanged,40,804,1206,2370,1562,96,26.247536012247227,27.115855559141572,31.84277185836146,clear,highway,morning,autumn,twilight,underpass,unchanged,True,Q3,context_representative
9fbe53cf6c8a432e8131691c685521a0,scene-9a38f389937c4b3f96a8b81eb3902261-1,weather.rain;area.highway;daytime.evening;season.autumn;lighting.twilight;structure.underpass;construction.unchanged,40,805,1207,2380,1505,86,8.414451638118058,7.856357461304505,22.837713684471286,rain,highway,evening,autumn,twilight,underpass,unchanged,True,Q1_low,context_representative
1e4dff2793b1442ea144b32d093e4b84,scene-23160c4bff134cdd86b96ee822b4aca9-4,weather.overcast;area.city;daytime.noon;season.winter;lighting.illuminated;structure.overpass;construction.unchanged,40,805,1208,2375,1486,63,7.034642356534236,6.8253841963836095,14.529787766715327,overcast,city,noon,winter,illuminated,overpass,unchanged,True,Q1_low,context_representative
51c56c7100164c8396b26672ac0c00c1,scene-7d6fe6a041cd4ee3bd400a747ce9d94d-2,weather.overcast;area.highway;daytime.noon;season.autumn;lighting.illuminated;structure.overpass;construction.unchanged,40,805,1207,2340,1485,98,27.164410737801333,27.759142938528942,40.335912752907205,overcast,highway,noon,autumn,illuminated,overpass,unchanged,True,Q3,context_representative
41e76e558b504467b227d89715a1d0d8,scene-41640f6466f34238b0c03f673abe9417-11,weather.clear;area.highway;daytime.morning;season.autumn;lighting.dark;structure.underpass;construction.unchanged,40,804,1205,2372,1458,121,21.89135475199011,23.71995965260409,31.725344675869398,clear,highway,morning,autumn,dark,underpass,unchanged,True,Q2,context_representative
df19acf975dd496697d452250cbd2286,scene-28b45fa9ee494954a8879547a3e3340d-1,weather.clear;area.terminal;daytime.noon;season.autumn;lighting.illuminated;structure.regular;construction.unchanged,40,805,1208,2262,1438,46,0.5132267814613178,0.1628990159238149,2.073503762841391,clear,terminal,noon,autumn,illuminated,regular,unchanged,True,Q1_low,context_representative
1f76d6a9b2544b68ab0b31e35417cc3f,scene-b13542304b244af585a646082c57a079-6,weather.snow;area.highway;daytime.noon;season.autumn;lighting.illuminated;structure.overpass;construction.unchanged,40,805,1208,2401,1434,84,23.264155183757076,23.325220487689727,30.607491577898692,snow,highway,noon,autumn,illuminated,overpass,unchanged,True,Q2,context_representative
4914a1f7fc2145efbfc8094607847c01,scene-61eecde6d6fb4ffeb15d59b428066b5a-11,weather.clear;area.highway;daytime.morning;season.summer;lighting.illuminated;structure.regular;construction.unchanged,40,804,1206,2341,1421,98,20.104716841631024,23.443266325135227,37.69375856274638,clear,highway,morning,summer,illuminated,regular,unchanged,True,Q2,context_representative
2e0bdfd45ffc4cf68f6341ebdb458fdb,scene-13f4b71b1bd04a9e88747ad8f58a3f67-16,weather.clear;area.highway;daytime.evening;season.autumn;lighting.dark;structure.regular;construction.roadworks,40,804,1206,2357,1409,93,13.698238338963792,18.42981780152264,23.759731075806886,clear,highway,evening,autumn,dark,regular,roadworks,True,Q2,context_representative
884e91c8e5434b8e8dd1da2ae9f1d369,scene-fb64d203d417452f830ca73efed80c41-7,weather.overcast;area.highway;daytime.noon;season.winter;lighting.illuminated;structure.regular;construction.unchanged,40,805,1208,2347,1400,88,19.755308569500333,25.282732702129863,37.49697548577631,overcast,highway,noon,winter,illuminated,regular,unchanged,True,Q3,context_representative
1243904df8934a6cb4b2dce1cc56954b,scene-c95d907aed7f472e9fd73f9aac273878-3,weather.overcast;area.highway;daytime.morning;season.summer;lighting.illuminated;structure.overpass;construction.unchanged,40,804,1206,2366,1396,89,26.718865600757592,27.237889773557356,35.076332066205396,overcast,highway,morning,summer,illuminated,overpass,unchanged,True,Q3,context_representative
5face4d17a054e10bd6818a409c028a0,scene-3195e3bfd1de4f9ba82f874790c7856c-12,weather.overcast;area.highway;daytime.noon;season.summer;lighting.illuminated;structure.underpass;construction.unchanged,40,805,1207,2379,1396,86,28.66102657627437,29.72679379937854,32.9955446967994,overcast,highway,noon,summer,illuminated,underpass,unchanged,True,Q4_high,context_representative
9264a80a707346e79d278547fc44ec5b,scene-0044384af3d8494e913fb8b14915239e-7,weather.clear;area.parking;daytime.noon;season.autumn;lighting.illuminated;structure.regular;construction.unchanged,40,804,1208,2364,1346,37,0.8042927866545722,0.09396609443104222,4.508631671293454,clear,parking,noon,autumn,illuminated,regular,unchanged,True,Q1_low,context_representative
a04e6d2081e24f06949c024af5af2720,scene-8e4cb91735074f69aaad8824fc4a5ff8-5,weather.overcast;area.city;daytime.noon;season.autumn;lighting.illuminated;structure.underpass;construction.unchanged,40,805,1208,2404,1341,48,4.738345971461039,3.5350798597017863,12.790953272084097,overcast,city,noon,autumn,illuminated,underpass,unchanged,True,Q1_low,context_representative
d71e64dee6cf4db6ae86a7e41bc4c297,scene-3f542f89ec5241b6a4e30ca743adcf34-16,weather.rain;area.highway;daytime.morning;season.summer;lighting.illuminated;structure.bridge;construction.unchanged,40,804,1205,2379,1294,88,26.9549076179853,25.787148307951778,33.78632222966157,rain,highway,morning,summer,illuminated,bridge,unchanged,True,Q3,context_representative
a7464faa8919475eb7d55e34f52f76d5,scene-0c2e941c5ba2476b9e20b29ce4c678b9-7,weather.clear;area.highway;daytime.noon;season.summer;lighting.illuminated;structure.underpass;construction.unchanged,40,805,1207,2258,1268,64,20.51110025679616,24.400242079861165,33.35865748221289,clear,highway,noon,summer,illuminated,underpass,unchanged,True,Q2,context_representative
31f27eb697e64084929eb073cc4b2692,scene-47d21ae92c444c698d3db575db1dc8b7-11,weather.clear;area.residential;daytime.noon;season.autumn;lighting.illuminated;structure.regular;construction.unchanged,40,804,1206,2293,1259,86,13.257346255808478,13.626169379995037,37.56491036092317,clear,residential,noon,autumn,illuminated,regular,unchanged,True,Q2,context_representative
5a7c494a7adb409fbb008f6eb95b90e9,scene-40b113e5ad554aa089f7f6f5dc2c4c3f-3,weather.rain;area.terminal;daytime.morning;season.autumn;lighting.illuminated;structure.regular;construction.unchanged,40,804,1205,2356,1237,43,0.4646018200183623,0.13613291233178604,2.9940185961268853,rain,terminal,morning,autumn,illuminated,regular,unchanged,True,Q1_low,context_representative
23ecaec3d7734468abb437206e46f424,scene-9b7f8b017e8c48d9816c4afa150c60a2-1,weather.clear;area.highway;daytime.evening;season.autumn;lighting.twilight;structure.regular;construction.unchanged,40,804,1205,2345,1235,76,18.740749635214456,23.448467104629326,42.043677552986864,clear,highway,evening,autumn,twilight,regular,unchanged,True,Q2,context_representative
d08667f00c6245e89a20240a14aafd53,scene-0044384af3d8494e913fb8b14915239e-11,weather.clear;area.parking;daytime.noon;season.summer;lighting.illuminated;structure.regular;construction.unchanged,40,804,1207,2333,1205,43,0.2761056878925434,0.17269618518238444,0.7217138725891908,clear,parking,noon,summer,illuminated,regular,unchanged,True,Q1_low,context_representative
da28c7f476454def949ff310edea20cf,scene-6ef44746fd28480cb19b5067ae254496-7,weather.overcast;area.city;daytime.morning;season.winter;lighting.illuminated;structure.regular;construction.unchanged,40,804,1205,2404,1182,63,4.678103737698082,3.076686947226838,12.311640659776266,overcast,city,morning,winter,illuminated,regular,unchanged,True,Q1_low,context_representative
20d2452f6cbf4a8d800c0fdf607ca3e1,scene-d24a0af639f642b9a721437b6ac8a893-9,weather.clear;area.highway;daytime.evening;season.autumn;lighting.dark;structure.overpass;construction.unchanged,40,804,1206,2364,1173,75,23.247864866932083,25.09123980536202,46.25990896269685,clear,highway,evening,autumn,dark,overpass,unchanged,True,Q3,context_representative
6a47bf6c5e1c49bd845d866b8147fe1b,scene-3f542f89ec5241b6a4e30ca743adcf34-3,weather.overcast;area.highway;daytime.morning;season.summer;lighting.illuminated;structure.overpass;construction.roadworks,40,804,1206,2402,1153,72,24.480937532140274,24.51262386401918,36.51913807582527,overcast,highway,morning,summer,illuminated,overpass,roadworks,True,Q2,context_representative
63c85562288a4d638f021d02332aeaff,scene-3b2209c7534c4ad9b80a48b1b0c0682a-7,weather.rain;area.highway;daytime.noon;season.autumn;lighting.glare;structure.bridge;construction.unchanged,40,804,1206,2312,1145,68,19.418967411187385,20.12756858760345,34.33346744622687,rain,highway,noon,autumn,glare,bridge,unchanged,True,Q2,context_representative
c9d872e382b7440ca5a995c5597fdcc2,scene-3f542f89ec5241b6a4e30ca743adcf34-17,weather.rain;area.highway;daytime.morning;season.summer;lighting.illuminated;structure.overpass;construction.unchanged,40,804,1206,2374,1145,63,26.995587726297465,24.69613619715128,34.529440430037326,rain,highway,morning,summer,illuminated,overpass,unchanged,True,Q2,context_representative
27f01dfe4f0f4f2ba823f45d72c59927,scene-757adc42b1aa4436a62036e10e3999ce-11,weather.clear;area.highway;daytime.morning;season.autumn;lighting.illuminated;structure.regular;construction.unchanged,40,804,1206,2305,1142,78,27.59701033325631,27.626349735968212,33.868454278846094,clear,highway,morning,autumn,illuminated,regular,unchanged,True,Q3,context_representative
1708f7288b7f4cc0ad00c3e7ee85db4c,scene-47d21ae92c444c698d3db575db1dc8b7-7,weather.overcast;area.residential;daytime.noon;season.autumn;lighting.illuminated;structure.regular;construction.unchanged,40,804,1206,2364,1134,46,2.914089065734124,0.38374612518019446,11.592126767404327,overcast,residential,noon,autumn,illuminated,regular,unchanged,True,Q1_low,context_representative
b6395d491a7e4e81acdc6bb40ffc06e0,scene-41640f6466f34238b0c03f673abe9417-3,weather.clear;area.residential;daytime.morning;season.autumn;lighting.twilight;structure.regular;construction.unchanged,40,804,1206,2342,1132,42,1.043120551691957,0.18820366330192906,7.231142937333346,clear,residential,morning,autumn,twilight,regular,unchanged,True,Q1_low,context_representative
06c82550ca0e4f8d830e749b742e6dfa,scene-41640f6466f34238b0c03f673abe9417-10,weather.clear;area.highway;daytime.morning;season.autumn;lighting.dark;structure.overpass;construction.unchanged,40,804,1205,2390,1126,74,8.035457870987221,10.33853610248277,14.909106970210308,clear,highway,morning,autumn,dark,overpass,unchanged,True,Q1_low,context_representative
398d94d50baf4e529bf235e27619fae8,scene-a038db099ca34ec4b8a9422758969bb8-8,weather.overcast;area.highway;daytime.noon;season.autumn;lighting.illuminated;structure.regular;construction.unchanged,40,805,1208,2369,1114,69,29.282064181347614,29.761922077038786,38.65374711788128,overcast,highway,noon,autumn,illuminated,regular,unchanged,True,Q4_high,context_representative
2aaf3854cdee45f0a27d1da41b399509,scene-bbae3a9a7249479785a7598bafc84217-7,weather.fog;area.highway;daytime.morning;season.autumn;lighting.illuminated;structure.regular;construction.roadworks,40,805,1208,2344,1112,75,15.876987984622858,16.057421260093374,26.25992181470219,fog,highway,morning,autumn,illuminated,regular,roadworks,True,Q2,context_representative
e374e6f45c8c4cb398219cc976886aa2,scene-fb64d203d417452f830ca73efed80c41-5,weather.clear;area.highway;daytime.noon;season.winter;lighting.illuminated;structure.overpass;construction.unchanged,40,805,1208,2276,1104,67,26.714917185964037,26.970501824449588,32.66423221587642,clear,highway,noon,winter,illuminated,overpass,unchanged,True,Q3,context_representative
1457b8f85db547789f07a12a71bdcc40,scene-f64433299e854aff822d736aca2a62b4-9,weather.overcast;area.highway;daytime.morning;season.summer;lighting.illuminated;structure.bridge;construction.unchanged,40,805,1208,2362,1099,73,29.392123805742315,30.578079519108446,37.04303740314934,overcast,highway,morning,summer,illuminated,bridge,unchanged,True,Q4_high,context_representative
b81b7063339340e08246712e4e3c2504,scene-ea5f9f9ec8764612b68cca98c767aadb-4,weather.overcast;area.highway;daytime.noon;season.winter;lighting.illuminated;structure.underpass;construction.unchanged,40,804,1205,2364,1091,71,29.973389620907604,30.329721730788034,37.94273642373833,overcast,highway,noon,winter,illuminated,underpass,unchanged,True,Q4_high,context_representative
831e02fe00ff4c1a960747cf7a90a78b,scene-57f9e1f3e5bc4ab9a1d7a715d71b3c68-14,weather.clear;area.highway;daytime.evening;season.summer;lighting.illuminated;structure.regular;construction.unchanged,40,805,1205,2297,1079,114,25.913745350847886,28.40227295596809,37.40621572657027,clear,highway,evening,summer,illuminated,regular,unchanged,True,Q3,context_representative
2a521faafd6f4ed89d42aa6ed40df686,scene-0c2e941c5ba2476b9e20b29ce4c678b9-8,weather.clear;area.highway;daytime.noon;season.summer;lighting.illuminated;structure.overpass;construction.unchanged,40,805,1207,2250,1074,73,26.35702728339738,26.648803530249957,32.6088267294046,clear,highway,noon,summer,illuminated,overpass,unchanged,True,Q3,context_representative
765560192f70438fac8b1a16942019d8,scene-fc798fa53f614e9d991c4d1c893eb6d5-1,weather.rain;area.city;daytime.noon;season.autumn;lighting.glare;structure.regular;construction.unchanged,39,796,1188,2364,1073,49,3.3962963991538704,1.8138901896215793,10.677676836842668,rain,city,noon,autumn,glare,regular,unchanged,True,Q1_low,context_representative
f4f6709106634f908611c01e0562ebf6,scene-ae05e8a50c764314916025ab0482b126-1,weather.rain;area.city;daytime.noon;season.winter;lighting.illuminated;structure.regular;construction.unchanged,40,805,1208,2401,1055,59,1.0474248082822613,0.15541100452882764,10.95500474138935,rain,city,noon,winter,illuminated,regular,unchanged,True,Q1_low,context_representative
d149f8b6b8794e6bb1a0981fa4820886,scene-bd14694f937f4df3aa278c5a9cc2a554-20,weather.overcast;area.highway;daytime.noon;season.summer;lighting.illuminated;structure.overpass;construction.unchanged,40,804,1206,2394,1046,68,19.75814637574322,17.152701020188907,34.334268979188074,overcast,highway,noon,summer,illuminated,overpass,unchanged,True,Q2,context_representative
099953cee12f46ef853cbcf90c42492c,scene-fb64d203d417452f830ca73efed80c41-9,weather.overcast;area.highway;daytime.noon;season.winter;lighting.illuminated;structure.tunnel;construction.unchanged,40,805,1208,2389,1010,56,26.345009231326983,26.174466410669474,35.7443536560059,overcast,highway,noon,winter,illuminated,tunnel,unchanged,True,Q3,context_representative
abe81d5126a94011a44d960a94b4b908,scene-9b7f8b017e8c48d9816c4afa150c60a2-9,weather.clear;area.highway;daytime.evening;season.autumn;lighting.twilight;structure.underpass;construction.unchanged,40,804,1205,2315,1008,62,23.498592167703855,24.786603667834704,35.530041313242265,clear,highway,evening,autumn,twilight,underpass,unchanged,True,Q3,context_representative
4a5df27f4fff4310a8e810375d13a070,scene-ea5f9f9ec8764612b68cca98c767aadb-1,weather.overcast;area.highway;daytime.noon;season.winter;lighting.illuminated;structure.overpass;construction.unchanged,40,804,1205,2384,1001,62,27.415609826073975,27.206528295495193,34.58242524143748,overcast,highway,noon,winter,illuminated,overpass,unchanged,True,Q3,context_representative
63fe44fc70824d4499228e8d293d0e91,scene-a038db099ca34ec4b8a9422758969bb8-7,weather.clear;area.highway;daytime.noon;season.autumn;lighting.illuminated;structure.underpass;construction.unchanged,40,805,1208,2372,971,68,29.43635236951967,25.229579526943244,41.36648397896501,clear,highway,noon,autumn,illuminated,underpass,unchanged,True,Q3,context_representative
8bb076de824e4fa7a4e2a5ce65baf9ee,scene-757adc42b1aa4436a62036e10e3999ce-6,weather.clear;area.highway;daytime.morning;season.autumn;lighting.illuminated;structure.underpass;construction.unchanged,40,804,1205,2342,970,61,29.710101787139145,29.95463153045356,36.90844205577671,clear,highway,morning,autumn,illuminated,underpass,unchanged,True,Q4_high,context_representative
757f9e11f7774c2e9455ad51f38c90e8,scene-fb64d203d417452f830ca73efed80c41-10,weather.clear;area.highway;daytime.noon;season.winter;lighting.illuminated;structure.regular;construction.unchanged,40,805,1208,2276,949,70,14.489005193021594,13.530475550990568,34.586856291604036,clear,highway,noon,winter,illuminated,regular,unchanged,True,Q2,context_representative
32697e1c361a4d5da43f0613b1a860b9,scene-57f9e1f3e5bc4ab9a1d7a715d71b3c68-7,weather.clear;area.highway;daytime.noon;season.summer;lighting.illuminated;structure.regular;construction.unchanged,40,805,1206,2125,947,70,26.709088021249926,29.66209803192992,40.52030882815261,clear,highway,noon,summer,illuminated,regular,unchanged,True,Q4_high,context_representative
6542fc85a79e4802b0b31662b785353e,scene-41640f6466f34238b0c03f673abe9417-2,weather.clear;area.city;daytime.morning;season.autumn;lighting.dark;structure.regular;construction.unchanged,40,804,1206,2371,940,41,0.8460307612650586,0.166245687442852,4.362044483559191,clear,city,morning,autumn,dark,regular,unchanged,True,Q1_low,context_representative
4469917d1b574f9fb0dbd0f62a7e300f,scene-b201f6e737e34c2d87830fc1e2911516-13,weather.rain;area.highway;daytime.noon;season.autumn;lighting.illuminated;structure.tunnel;construction.unchanged,40,805,1208,2405,922,47,18.848300888030472,18.065273199658563,23.796328701166207,rain,highway,noon,autumn,illuminated,tunnel,unchanged,True,Q2,context_representative
863a3ce2e9f84ed4ab0c39c8921661e4,scene-c95d907aed7f472e9fd73f9aac273878-15,weather.rain;area.highway;daytime.morning;season.summer;lighting.illuminated;structure.underpass;construction.unchanged,40,804,1205,2406,912,38,9.134376118322798,7.799698621124654,13.991238795115093,rain,highway,morning,summer,illuminated,underpass,unchanged,True,Q1_low,context_representative
79c89cfc28114ce3bad6bf944c3a9d4b,scene-c95d907aed7f472e9fd73f9aac273878-18,weather.rain;area.highway;daytime.morning;season.summer;lighting.illuminated;structure.overpass;construction.roadworks,40,804,1205,2335,912,29,10.764431334280738,11.46898420623143,19.62007788870988,rain,highway,morning,summer,illuminated,overpass,roadworks,True,Q2,context_representative
2fb0ce9621ef404cba4fe85e3ccb6bf7,scene-5d1be655af144d6986ab8c0280cf3221-2,weather.overcast;area.residential;daytime.noon;season.winter;lighting.illuminated;structure.regular;construction.unchanged,40,805,1208,2196,909,61,5.894098176181459,5.62510117806608,16.552545359090306,overcast,residential,noon,winter,illuminated,regular,unchanged,True,Q1_low,context_representative
58e67c946c704d58a5b9eb0796803248,scene-57f9e1f3e5bc4ab9a1d7a715d71b3c68-13,weather.clear;area.highway;daytime.evening;season.summer;lighting.illuminated;structure.bridge;construction.unchanged,40,805,1206,2206,899,61,31.545805787636045,31.745064425178978,38.56791825841212,clear,highway,evening,summer,illuminated,bridge,unchanged,True,Q4_high,context_representative
8d9e626366b543e4983325eee986ef35,scene-3195e3bfd1de4f9ba82f874790c7856c-11,weather.overcast;area.highway;daytime.noon;season.summer;lighting.illuminated;structure.bridge;construction.unchanged,40,805,1208,2360,897,58,29.522889383382157,29.277277007531787,37.43999632079316,overcast,highway,noon,summer,illuminated,bridge,unchanged,True,Q4_high,context_representative
865582f0dfe249eebc67ee45299828a1,scene-151b4346109a43769f29f0a7ec75fb1d-6,weather.rain;area.highway;daytime.noon;season.winter;lighting.illuminated;structure.underpass;construction.unchanged,40,805,1208,2291,887,48,25.063294019696233,26.594243595692664,35.99258427097216,rain,highway,noon,winter,illuminated,underpass,unchanged,True,Q3,context_representative
ffc3eda52c0a41beaa14a7718702b9b0,scene-b8e7da1bd8d6430792a51b52fea484a5-4,weather.clear;area.rural;daytime.noon;season.summer;lighting.illuminated;structure.regular;construction.unchanged,40,804,1205,2178,875,45,5.611450824826627,0.8265981842109722,23.334575142560297,clear,rural,noon,summer,illuminated,regular,unchanged,True,Q1_low,context_representative
ecc66ce2d77947b3916372795d283de7,scene-757adc42b1aa4436a62036e10e3999ce-3,weather.other_weather;area.highway;daytime.morning;season.autumn;lighting.twilight;structure.underpass;construction.unchanged,40,804,1206,2342,871,59,26.683056765634255,25.43406417768464,34.867632192478595,other_weather,highway,morning,autumn,twilight,underpass,unchanged,True,Q3,context_representative
ebad6e1d8a3040a5b1de8eb191caaa2e,scene-47d21ae92c444c698d3db575db1dc8b7-14,weather.overcast;area.highway;daytime.noon;season.autumn;lighting.illuminated;structure.underpass;construction.unchanged,40,804,1206,2324,865,52,33.29969800964786,33.873779646258875,43.173939175103875,overcast,highway,noon,autumn,illuminated,underpass,unchanged,True,Q4_high,context_representative
95ed1e74fe6141c09b4e0828798a4991,scene-cc3bdae2b0a244db821e609e2f31ac6b-3,weather.overcast;area.highway;daytime.morning;season.autumn;lighting.illuminated;structure.regular;construction.unchanged,40,804,1206,2403,847,35,7.338154361648391,7.001807691105209,17.427107403328648,overcast,highway,morning,autumn,illuminated,regular,unchanged,True,Q1_low,context_representative
5c34f9d8fbae43279ece691d9d27a559,scene-cc3bdae2b0a244db821e609e2f31ac6b-11,weather.overcast;area.rural;daytime.morning;season.autumn;lighting.illuminated;structure.regular;construction.unchanged,40,804,1205,2391,847,33,9.13858065055471,10.574483427669756,19.694025158984097,overcast,rural,morning,autumn,illuminated,regular,unchanged,True,Q1_low,context_representative
3198b90e362940eaab64ddf32b0db1f6,scene-61eecde6d6fb4ffeb15d59b428066b5a-15,weather.clear;area.highway;daytime.morning;season.summer;lighting.illuminated;structure.bridge;construction.unchanged,40,804,1205,2401,845,51,29.12852712803678,29.675838847047427,36.80455292551022,clear,highway,morning,summer,illuminated,bridge,unchanged,True,Q4_high,context_representative
3a22ae48231f4502ad29a447fc228a13,scene-2a8ba56871df4cbd9ae75f13c3171af2-4,weather.rain;area.rural;daytime.noon;season.autumn;lighting.illuminated;structure.regular;construction.unchanged,40,804,1205,2405,841,51,4.116325794203033,3.3910599352014104,12.400141348547292,rain,rural,noon,autumn,illuminated,regular,unchanged,True,Q1_low,context_representative
3302e216f50447e5a3a71fd6054aee53,scene-f123519a7ffd4e85bb61763335edbb6b-5,weather.rain;area.highway;daytime.noon;season.autumn;lighting.glare;structure.overpass;construction.unchanged,40,805,1207,2402,835,58,22.922933462003687,22.316436081491688,29.571728118269284,rain,highway,noon,autumn,glare,overpass,unchanged,True,Q2,context_representative
b1a36578d7b34854af589c9f580ecfc7,scene-a038db099ca34ec4b8a9422758969bb8-15,weather.overcast;area.rural;daytime.noon;season.autumn;lighting.illuminated;structure.regular;construction.unchanged,40,805,1208,2407,835,45,6.039076864327559,4.270554868850015,15.683730475007943,overcast,rural,noon,autumn,illuminated,regular,unchanged,True,Q1_low,context_representative
f53c2287a70d4fd69c35993ae49f075e,scene-41640f6466f34238b0c03f673abe9417-20,weather.clear;area.highway;daytime.morning;season.autumn;lighting.dark;structure.regular;construction.unchanged,40,804,1206,2147,832,64,27.91415855331696,27.65673057560661,35.200419495683185,clear,highway,morning,autumn,dark,regular,unchanged,True,Q3,context_representative
c413fd20e5414f7b9364e22711aef1f2,scene-df73192e74434050bae9fa05ff713dc2-4,weather.rain;area.terminal;daytime.morning;season.summer;lighting.illuminated;structure.regular;construction.unchanged,40,804,1205,2354,823,29,0.4272496888418331,0.1612453992090672,2.3386360219055518,rain,terminal,morning,summer,illuminated,regular,unchanged,True,Q1_low,context_representative
ce9d62c78a3540e29df148d14cc6135d,scene-41640f6466f34238b0c03f673abe9417-5,weather.clear;area.city;daytime.morning;season.autumn;lighting.twilight;structure.regular;construction.unchanged,40,804,1206,2384,822,45,1.2517220435883154,0.19427907383706472,6.522035223944205,clear,city,morning,autumn,twilight,regular,unchanged,True,Q1_low,context_representative
3df7e3239c734782879b1b89a1f82ee0,scene-a6a87db5125846bda72ccfc9931ee153-3,weather.overcast;area.rural;daytime.noon;season.winter;lighting.illuminated;structure.bridge;construction.unchanged,40,804,1208,2220,813,35,11.013605653877747,12.929945243220532,19.859628503221387,overcast,rural,noon,winter,illuminated,bridge,unchanged,True,Q2,context_representative
6a44f4da00584f21b3e4e71860e4853e,scene-9db2aaafda8c40efbb195b214311f4f2-1,weather.clear;area.highway;daytime.evening;season.summer;lighting.illuminated;structure.underpass;construction.unchanged,40,802,1204,2198,803,69,30.82861986609556,29.70702529065478,44.517564908691526,clear,highway,evening,summer,illuminated,underpass,unchanged,True,Q4_high,context_representative
fe58215686024436b63d30612c7782fb,scene-151b4346109a43769f29f0a7ec75fb1d-4,weather.rain;area.highway;daytime.noon;season.winter;lighting.illuminated;structure.regular;construction.unchanged,40,805,1208,2378,799,49,32.52686500082327,32.07948333996297,39.597259664427106,rain,highway,noon,winter,illuminated,regular,unchanged,True,Q4_high,context_representative
a4400949bb9f45d48e00cff821773bfd,scene-a2fd0ce217b5420982d94bccc8e0614c-4,weather.clear;area.rural;daytime.noon;season.winter;lighting.illuminated;structure.overpass;construction.unchanged,40,804,1205,2332,792,59,10.757276991903368,15.479298839648784,20.535024770192223,clear,rural,noon,winter,illuminated,overpass,unchanged,True,Q2,context_representative
e0549077e7b64959adcf02892b3936db,scene-fb64d203d417452f830ca73efed80c41-8,weather.overcast;area.highway;daytime.noon;season.winter;lighting.illuminated;structure.bridge;construction.unchanged,40,805,1208,2122,790,50,32.27906446690417,32.57473771321945,42.59687739819413,overcast,highway,noon,winter,illuminated,bridge,unchanged,True,Q4_high,context_representative
8bc0d4e7a0ef4037a09ccc6abb9d194e,scene-bbae3a9a7249479785a7598bafc84217-1,weather.fog;area.highway;daytime.morning;season.autumn;lighting.illuminated;structure.underpass;construction.unchanged,40,805,1207,2361,767,63,25.166161682577084,25.210054568016528,30.544095624147424,fog,highway,morning,autumn,illuminated,underpass,unchanged,True,Q3,context_representative
943db81c3993400dbd62a92ec9fec0b1,scene-d24a0af639f642b9a721437b6ac8a893-5,weather.clear;area.highway;daytime.evening;season.autumn;lighting.twilight;structure.overpass;construction.unchanged,40,804,1206,2317,766,49,27.80277438293049,28.90970590505783,37.795601347257595,clear,highway,evening,autumn,twilight,overpass,unchanged,True,Q3,context_representative
9642e9ff637c46e4980acef3e1ea88be,scene-b201f6e737e34c2d87830fc1e2911516-2,weather.rain;area.highway;daytime.noon;season.autumn;lighting.illuminated;structure.bridge;construction.unchanged,40,805,1207,2371,756,60,26.389508706256805,27.57545961219239,36.07449765926936,rain,highway,noon,autumn,illuminated,bridge,unchanged,True,Q3,context_representative
7a9a42645a004dd7a0164f10a72a30e0,scene-57f9e1f3e5bc4ab9a1d7a715d71b3c68-12,weather.clear;area.highway;daytime.evening;season.summer;lighting.illuminated;structure.overpass;construction.unchanged,40,805,1206,2303,750,69,30.330330375273324,31.071159675838494,40.56771314950848,clear,highway,evening,summer,illuminated,overpass,unchanged,True,Q4_high,context_representative
4e81df97fd624d43a0b030678153106c,scene-0c2e941c5ba2476b9e20b29ce4c678b9-3,weather.clear;area.city;daytime.noon;season.summer;lighting.illuminated;structure.regular;construction.unchanged,40,805,1208,2046,741,38,1.8344606686742018,0.3219013020701148,11.368599574355871,clear,city,noon,summer,illuminated,regular,unchanged,True,Q1_low,context_representative
7dedbc9d6739401387b9811ab9e9d44a,scene-e3ee19c09730474890cdc9aada4f1f50-2,weather.overcast;area.parking;daytime.noon;season.summer;lighting.illuminated;structure.regular;construction.unchanged,40,805,1208,2390,729,30,1.754942670762436,0.1577259062807008,12.920438270807354,overcast,parking,noon,summer,illuminated,regular,unchanged,True,Q1_low,context_representative
2d7f4bc4b05a45bbb7a467d05fcb6e43,scene-a038db099ca34ec4b8a9422758969bb8-9,weather.overcast;area.highway;daytime.noon;season.autumn;lighting.illuminated;structure.bridge;construction.unchanged,40,805,1208,2337,728,58,26.95667014514375,24.722075182952995,38.67200104183863,overcast,highway,noon,autumn,illuminated,bridge,unchanged,True,Q2,context_representative
7ea8fbdcce294bc689950691f530d896,scene-47d21ae92c444c698d3db575db1dc8b7-8,weather.overcast;area.other_area;daytime.noon;season.autumn;lighting.illuminated;structure.regular;construction.unchanged,40,804,1206,2111,699,33,5.973716986857726,6.230300498688729,12.685936588442635,overcast,other_area,noon,autumn,illuminated,regular,unchanged,True,Q1_low,context_representative
e43e30a4226c4e37811d0d3d51582c19,scene-d24a0af639f642b9a721437b6ac8a893-4,weather.clear;area.highway;daytime.evening;season.autumn;lighting.dark;structure.underpass;construction.unchanged,40,804,1205,2394,684,41,31.759489168340586,33.49733672745799,41.72173152975904,clear,highway,evening,autumn,dark,underpass,unchanged,True,Q4_high,context_representative
c85c80dceb464e2daadf12e3cc04a8d1,scene-8b00191242364d7fbe58a4dc2e11203c-1,weather.snow;area.highway;daytime.noon;season.autumn;lighting.illuminated;structure.underpass;construction.unchanged,40,805,1208,2374,681,53,23.40844311700983,25.1169003259799,29.289341911816745,snow,highway,noon,autumn,illuminated,underpass,unchanged,True,Q3,context_representative
8f15187a583a47e2a4740651c5bd296c,scene-30b0fa9fa9ec4284961734504bd5ca1e-11,weather.clear;area.rural;daytime.noon;season.winter;lighting.twilight;structure.regular;construction.unchanged,40,804,1208,2083,679,38,12.542916033364456,12.215589617865703,21.433095860658163,clear,rural,noon,winter,twilight,regular,unchanged,True,Q2,context_representative
42d266a4cf1a4904aee1f43feebee587,scene-151b4346109a43769f29f0a7ec75fb1d-5,weather.rain;area.highway;daytime.noon;season.winter;lighting.glare;structure.underpass;construction.unchanged,40,805,1208,2365,675,43,29.427712596955196,29.892409942923884,35.45436338915349,rain,highway,noon,winter,glare,underpass,unchanged,True,Q4_high,context_representative
3cf5057fa53346aabb01fa2ad30f2d2b,scene-757adc42b1aa4436a62036e10e3999ce-15,weather.fog;area.highway;daytime.morning;season.autumn;lighting.illuminated;structure.regular;construction.unchanged,40,804,1205,2303,650,48,29.12304675767956,30.346514201014948,34.907906865592956,fog,highway,morning,autumn,illuminated,regular,unchanged,True,Q4_high,context_representative
35a8dfd12df94daeb322b22b2f08548d,scene-30b0fa9fa9ec4284961734504bd5ca1e-14,weather.clear;area.rural;daytime.noon;season.winter;lighting.twilight;structure.overpass;construction.unchanged,40,804,1208,2336,642,80,12.813848174954096,18.220978451251717,29.146148978049794,clear,rural,noon,winter,twilight,overpass,unchanged,True,Q2,context_representative
2edd6e9b759a47af9ca94375d8089ad2,scene-151b4346109a43769f29f0a7ec75fb1d-8,weather.rain;area.highway;daytime.noon;season.winter;lighting.illuminated;structure.overpass;construction.unchanged,40,805,1208,2384,639,35,27.45033175422441,26.967565675270976,34.9029027460026,rain,highway,noon,winter,illuminated,overpass,unchanged,True,Q3,context_representative
c5c240b83773423badaa43dd4adb7ec0,scene-6ef44746fd28480cb19b5067ae254496-1,weather.overcast;area.highway;daytime.morning;season.winter;lighting.illuminated;structure.regular;construction.unchanged,40,804,1205,2357,639,24,9.616441751405517,10.136644113022854,19.17378449821423,overcast,highway,morning,winter,illuminated,regular,unchanged,True,Q1_low,context_representative
74ed6533f06b499f8680ee2a6e207d08,scene-bbae3a9a7249479785a7598bafc84217-2,weather.fog;area.highway;daytime.morning;season.autumn;lighting.illuminated;structure.bridge;construction.unchanged,40,805,1208,2345,636,52,29.77350405715743,28.249046325581766,38.542461838953756,fog,highway,morning,autumn,illuminated,bridge,unchanged,True,Q3,context_representative
3256fc83aae04efba7e468bdb2aa2785,scene-f123519a7ffd4e85bb61763335edbb6b-3,weather.rain;area.highway;daytime.noon;season.autumn;lighting.glare;structure.tunnel;construction.unchanged,40,805,1207,2406,609,21,22.517546666758424,22.515493657040516,24.782493659563087,rain,highway,noon,autumn,glare,tunnel,unchanged,True,Q2,context_representative
28a3b3e0a32b4f149f815617ff0834a2,scene-a47fe0701d2b40628c47322c9f991986-1,weather.clear;area.highway;daytime.noon;season.winter;lighting.twilight;structure.regular;construction.unchanged,40,804,1206,2312,600,41,31.983258550246354,33.98717542039346,38.788911129319004,clear,highway,noon,winter,twilight,regular,unchanged,True,Q4_high,context_representative
a7e05268be114866b34c3cee83bdeda1,scene-b502fc44d4324e1cb0349f8fa46d4014-59,weather.clear;area.highway;daytime.morning;season.summer;lighting.illuminated;structure.tunnel;construction.unchanged,40,805,1206,2203,573,44,30.95016264683047,29.929308955185977,46.412054440701404,clear,highway,morning,summer,illuminated,tunnel,unchanged,True,Q4_high,context_representative
77a954e685904205bcd592f0f81655cd,scene-e3ee19c09730474890cdc9aada4f1f50-1,weather.overcast;area.rural;daytime.noon;season.summer;lighting.illuminated;structure.regular;construction.unchanged,40,805,1208,2237,552,35,7.360008915021743,1.2763826871760435,31.568006083096137,overcast,rural,noon,summer,illuminated,regular,unchanged,True,Q1_low,context_representative
c26c038324a640d18ae0fcdba61120e5,scene-cc3bdae2b0a244db821e609e2f31ac6b-5,weather.overcast;area.highway;daytime.morning;season.autumn;lighting.illuminated;structure.overpass;construction.unchanged,40,804,1205,2386,549,40,8.48681817359508,7.808936866118614,17.1010523135009,overcast,highway,morning,autumn,illuminated,overpass,unchanged,True,Q1_low,context_representative
f601091dd4024202952f6afab88eceb9,scene-d24a0af639f642b9a721437b6ac8a893-6,weather.clear;area.highway;daytime.evening;season.autumn;lighting.dark;structure.overpass;construction.roadworks,40,804,1206,2323,514,17,13.78597377633411,15.891925520556455,26.64855710152546,clear,highway,evening,autumn,dark,overpass,roadworks,True,Q2,context_representative
c8b39c9faff14f72a748f45dd8500469,scene-a47fe0701d2b40628c47322c9f991986-5,weather.clear;area.highway;daytime.noon;season.winter;lighting.twilight;structure.overpass;construction.unchanged,40,804,1206,2198,506,35,27.602876668298215,27.281676343742916,38.07984245629453,clear,highway,noon,winter,twilight,overpass,unchanged,True,Q3,context_representative
71d5664f43d54c90a8ce52839c1a8f04,scene-8e4cb91735074f69aaad8824fc4a5ff8-10,weather.overcast;area.rural;daytime.noon;season.autumn;lighting.illuminated;structure.underpass;construction.unchanged,40,805,1207,2266,484,28,15.296144908479064,15.39394939073121,19.994488661192225,overcast,rural,noon,autumn,illuminated,underpass,unchanged,True,Q2,context_representative
6a2ad3e3e14e460897430811321e04c1,scene-ca5c77238bd64f168aeb98c6dc06f022-3,weather.overcast;area.highway;daytime.noon;season.summer;lighting.illuminated;structure.tunnel;construction.unchanged,40,804,1205,2363,484,19,21.446952078090757,21.51797166548794,25.19368797204846,overcast,highway,noon,summer,illuminated,tunnel,unchanged,True,Q2,context_representative
47ddb280bb36493a9ef55bf79be40087,scene-f138f02d85464218939afe22de7b92bf-2,weather.overcast;area.rural;daytime.morning;season.winter;lighting.illuminated;structure.regular;construction.unchanged,40,805,1208,2392,483,19,12.143827058657337,13.974798000787075,17.77128965374576,overcast,rural,morning,winter,illuminated,regular,unchanged,True,Q2,context_representative
184ccfc136014ffeaf5a6a99be9455a7,scene-a47fe0701d2b40628c47322c9f991986-2,weather.clear;area.highway;daytime.noon;season.winter;lighting.twilight;structure.underpass;construction.unchanged,40,804,1205,2272,482,33,33.15538315781557,32.80268096924601,42.67980818394651,clear,highway,noon,winter,twilight,underpass,unchanged,True,Q4_high,context_representative
bfa953cef53146069dd6350179c775bc,scene-bbae3a9a7249479785a7598bafc84217-5,weather.fog;area.highway;daytime.morning;season.autumn;lighting.illuminated;structure.underpass;construction.roadworks,40,805,1207,2348,428,36,22.408946828921295,21.550977336542385,27.561295567005725,fog,highway,morning,autumn,illuminated,underpass,roadworks,True,Q2,context_representative
17156432133a43aaa77c53a5a4a66474,scene-733ceacf71ac460e89a2be2cc4e6495c-3,weather.clear;area.residential;daytime.noon;season.winter;lighting.illuminated;structure.regular;construction.unchanged,40,804,1205,2397,426,20,9.20560599604833,10.931669258324385,15.097282467739166,clear,residential,noon,winter,illuminated,regular,unchanged,True,Q2,context_representative
4f7db0c8462146db84fb874e30daae26,scene-a2fd0ce217b5420982d94bccc8e0614c-9,weather.clear;area.highway;daytime.noon;season.winter;lighting.other_lighting;structure.regular;construction.unchanged,40,804,1205,2364,416,33,14.514762274794917,9.620216987019791,39.61458230958924,clear,highway,noon,winter,other_lighting,regular,unchanged,True,Q1_low,context_representative
630bfd8f957f4ed7acd83e42d99f49f1,scene-19d55ce5a6a44f109a6909f484d23f76-1,weather.overcast;area.terminal;daytime.noon;season.autumn;lighting.illuminated;structure.regular;construction.unchanged,40,805,1207,2306,401,22,1.7142146279604464,0.359377322011722,4.40313642913861,overcast,terminal,noon,autumn,illuminated,regular,unchanged,True,Q1_low,context_representative
ee27fc483da44f52a071479d43f95df1,scene-19d55ce5a6a44f109a6909f484d23f76-5,weather.overcast;area.terminal;daytime.noon;season.summer;lighting.illuminated;structure.regular;construction.unchanged,40,805,1207,2306,392,22,1.117471156971858,0.2318355529029098,3.7999290173658564,overcast,terminal,noon,summer,illuminated,regular,unchanged,True,Q1_low,context_representative
a431cc88f09b42b98204c70deeeaa660,scene-9b7f8b017e8c48d9816c4afa150c60a2-3,weather.clear;area.highway;daytime.evening;season.autumn;lighting.twilight;structure.bridge;construction.unchanged,40,804,1205,2336,388,25,34.90022684183393,33.00027241959609,50.613787116215626,clear,highway,evening,autumn,twilight,bridge,unchanged,True,Q4_high,context_representative
d524527bfa2845c5bfe53952a5f50da5,scene-a6a87db5125846bda72ccfc9931ee153-2,weather.clear;area.rural;daytime.noon;season.winter;lighting.illuminated;structure.bridge;construction.unchanged,40,804,1208,2250,382,16,24.348809713780014,26.86117321678008,31.757789482532754,clear,rural,noon,winter,illuminated,bridge,unchanged,True,Q3,context_representative
0c96d91d9894417e8c58f51e8b23a2b6,scene-733ceacf71ac460e89a2be2cc4e6495c-10,weather.other_weather;area.highway;daytime.noon;season.winter;lighting.illuminated;structure.tunnel;construction.unchanged,40,804,1205,2412,370,11,17.089977008589116,17.067331204234023,19.9946823547763,other_weather,highway,noon,winter,illuminated,tunnel,unchanged,True,Q2,context_representative
10fae75ee6294029ab4529929d84440b,scene-8e4cb91735074f69aaad8824fc4a5ff8-11,weather.overcast;area.rural;daytime.noon;season.autumn;lighting.illuminated;structure.overpass;construction.unchanged,40,805,1207,2368,369,18,17.83262360365877,18.37544614024142,22.641384909563975,overcast,rural,noon,autumn,illuminated,overpass,unchanged,True,Q2,context_representative
c793b3ec5140494d928558f9adb4ab83,scene-a2fd0ce217b5420982d94bccc8e0614c-8,weather.clear;area.highway;daytime.noon;season.winter;lighting.illuminated;structure.underpass;construction.unchanged,40,804,1205,2284,363,22,29.874217766264568,32.47370264466947,42.026073326704754,clear,highway,noon,winter,illuminated,underpass,unchanged,True,Q4_high,context_representative
db5fbc77708e451ba0632d1e65a6e605,scene-8e4cb91735074f69aaad8824fc4a5ff8-20,weather.rain;area.rural;daytime.noon;season.autumn;lighting.illuminated;structure.bridge;construction.unchanged,40,805,1207,2357,344,17,19.2198492230818,18.396095511864303,22.65806278993113,rain,rural,noon,autumn,illuminated,bridge,unchanged,True,Q2,context_representative
b556aaeaad1843ba9138354334a58f5b,scene-a4d0d23b996a429b97d827a47a284692-2,weather.clear;area.rural;daytime.noon;season.winter;lighting.illuminated;structure.underpass;construction.unchanged,40,805,1208,2245,341,27,16.69177674460597,19.16981418995711,22.328320661157573,clear,rural,noon,winter,illuminated,underpass,unchanged,True,Q2,context_representative
e2525b5f68864901b951bc63235c4291,scene-8a3726a7bf664c0a93c846303753405c-1,weather.rain;area.residential;daytime.noon;season.winter;lighting.illuminated;structure.regular;construction.unchanged,40,804,1205,2331,308,37,4.964992094521584,0.9933772419123097,21.123796438256647,rain,residential,noon,winter,illuminated,regular,unchanged,True,Q1_low,context_representative
b1a5d39958334cb1922414438802cd1d,scene-107c9d01fd73443db745c516e25f71bc-1,weather.rain;area.rural;daytime.noon;season.autumn;lighting.illuminated;structure.overpass;construction.unchanged,40,805,1207,2304,282,18,17.49012595358668,18.584877788260094,20.088009424217333,rain,rural,noon,autumn,illuminated,overpass,unchanged,True,Q2,context_representative
212053f477ae4ae1aef685bbe1e38b28,scene-ae05e8a50c764314916025ab0482b126-3,weather.rain;area.rural;daytime.noon;season.winter;lighting.illuminated;structure.regular;construction.unchanged,40,805,1208,2154,233,10,16.14762405390341,15.643774113388659,27.508978510925466,rain,rural,noon,winter,illuminated,regular,unchanged,True,Q2,context_representative
9399dae5c9e34d99837104a600f67cc0,scene-ca5494b037de4f59b1cfa66e7c5d8ed3-2,weather.clear;area.terminal;daytime.morning;season.summer;lighting.illuminated;structure.regular;construction.unchanged,40,804,1206,2383,312,8,0.6969438832190965,0.09500997314752777,4.034767568843118,clear,terminal,morning,summer,illuminated,regular,unchanged,False,Q1_low,context_representative
035c713614a247feabe996f40f83a7e6,scene-f7f816a9689240f7aa2f20f77e67ecea-3,weather.overcast;area.rural;daytime.noon;season.winter;lighting.illuminated;structure.underpass;construction.unchanged,40,805,1208,2367,169,10,19.975494715636394,18.430448747187942,29.322058713273574,overcast,rural,noon,winter,illuminated,underpass,unchanged,False,Q2,context_representative
0c2ba79f27d648b0b170d984dc774e98,scene-0afa5cb3c6d34a998a7da1c6206511c7-4,weather.rain;area.highway;daytime.noon;season.autumn;lighting.glare;structure.regular;construction.unchanged,40,805,1207,2386,2273,92,11.564291507287859,7.8867766693559656,28.818707372503916,rain,highway,noon,autumn,glare,regular,unchanged,True,Q1_low,speed_balance
76abc0c349e54cb9b440a4d903ed873f,scene-3f542f89ec5241b6a4e30ca743adcf34-40,weather.overcast;area.highway;daytime.morning;season.summer;lighting.illuminated;structure.regular;construction.unchanged,40,804,1206,2377,942,82,24.794778863380994,24.558128387854815,35.498028520945255,overcast,highway,morning,summer,illuminated,regular,unchanged,True,Q2,speed_balance
caa456e4b887497d9dd0d6a4c7b8ee35,scene-b662852bb66c43b49c0dfacfdeebd2a5-12,weather.overcast;area.rural;daytime.noon;season.winter;lighting.illuminated;structure.bridge;construction.unchanged,40,804,1205,2387,358,21,18.584200920307293,18.740307267625422,23.835592814421833,overcast,rural,noon,winter,illuminated,bridge,unchanged,True,Q2,speed_balance
80cba02f00eb426082ef10da3e07ddb4,scene-b201f6e737e34c2d87830fc1e2911516-14,weather.rain;area.highway;daytime.noon;season.autumn;lighting.glare;structure.tunnel;construction.unchanged,40,805,1207,2418,603,18,17.17684826732968,16.611192340117245,20.399647043645096,rain,highway,noon,autumn,glare,tunnel,unchanged,True,Q2,speed_balance
5e3676d7055c4dfda022e6409875fbaf,scene-8fd3963427644c53a3aa7da1cefd455e-5,weather.overcast;area.highway;daytime.morning;season.summer;lighting.illuminated;structure.regular;construction.unchanged,40,804,1205,2386,700,41,26.523944593679435,24.025440771109754,34.35385636381934,overcast,highway,morning,summer,illuminated,regular,unchanged,True,Q2,speed_balance
8c46a48c27ae49d8b041f87777ae5a0a,scene-8e4cb91735074f69aaad8824fc4a5ff8-19,weather.rain;area.highway;daytime.noon;season.autumn;lighting.illuminated;structure.regular;construction.unchanged,40,805,1207,2363,362,21,18.285976003633028,17.937925251496292,20.706263927953362,rain,highway,noon,autumn,illuminated,regular,unchanged,True,Q2,speed_balance
2c2dcd39350740148138b7deb3cc88fe,scene-8e4cb91735074f69aaad8824fc4a5ff8-13,weather.rain;area.highway;daytime.noon;season.autumn;lighting.illuminated;structure.regular;construction.unchanged,40,805,1207,2304,324,23,17.008103248733885,18.40609833500198,22.419267881250185,rain,highway,noon,autumn,illuminated,regular,unchanged,True,Q2,speed_balance
d4b5ab8edd854a669349be99c269d9b3,scene-f123519a7ffd4e85bb61763335edbb6b-9,weather.rain;area.highway;daytime.noon;season.autumn;lighting.glare;structure.underpass;construction.unchanged,40,805,1208,2381,891,58,21.45718934955593,23.708775564339618,30.06539789986357,rain,highway,noon,autumn,glare,underpass,unchanged,True,Q2,speed_balance
60d25c68b9bd46dfa3f52f74b53e75da,scene-8e4cb91735074f69aaad8824fc4a5ff8-3,weather.overcast;area.rural;daytime.noon;season.autumn;lighting.illuminated;structure.regular;construction.unchanged,40,805,1207,2143,208,11,16.080547539888553,16.2876037394981,25.08262446611521,overcast,rural,noon,autumn,illuminated,regular,unchanged,True,Q2,speed_balance
0d07f68911d94e08b5c8531b691579b4,scene-28de58d229174d86a10be6a756c2b2cc-7,weather.snow;area.highway;daytime.noon;season.autumn;lighting.illuminated;structure.regular;construction.unchanged,40,805,1208,2339,910,85,23.941415514044174,23.867645136678718,31.72965623579039,snow,highway,noon,autumn,illuminated,regular,unchanged,True,Q2,speed_balance
daf499d42bed41d2b0c005ff4e453767,scene-0c2e941c5ba2476b9e20b29ce4c678b9-12,weather.clear;area.highway;daytime.noon;season.summer;lighting.illuminated;structure.underpass;construction.unchanged,40,805,1207,2319,922,61,28.739832658514775,24.7479100245466,41.54982687866669,clear,highway,noon,summer,illuminated,underpass,unchanged,True,Q2,speed_balance
c04ed48bde9c4b229a806ce86e55979f,scene-3195e3bfd1de4f9ba82f874790c7856c-6,weather.overcast;area.highway;daytime.noon;season.summer;lighting.illuminated;structure.regular;construction.roadworks,40,805,1208,2291,1034,52,16.46691322220695,16.771251276925902,34.51206522510664,overcast,highway,noon,summer,illuminated,regular,roadworks,True,Q2,speed_balance
6585094a7bb4474d80c32d5e6100db19,scene-41640f6466f34238b0c03f673abe9417-16,weather.clear;area.highway;daytime.morning;season.autumn;lighting.dark;structure.underpass;construction.unchanged,40,804,1205,2243,403,25,22.315945084990734,22.551683506013365,27.514286890259044,clear,highway,morning,autumn,dark,underpass,unchanged,True,Q2,speed_balance
f12d0f56a9154cf7840e0894a921cdbf,scene-fb64d203d417452f830ca73efed80c41-13,weather.overcast;area.highway;daytime.noon;season.winter;lighting.illuminated;structure.regular;construction.unchanged,40,805,1208,2285,1076,76,22.6440191059993,24.174893379452307,34.283525363502264,overcast,highway,noon,winter,illuminated,regular,unchanged,True,Q2,speed_balance
ab314c619573456aa216d2e6903eb1f2,scene-e1dbd50ff4694a46b4997f4dec87f667-19,weather.clear;area.highway;daytime.morning;season.summer;lighting.illuminated;structure.regular;construction.unchanged,40,802,1205,2317,1017,75,20.29471400055429,23.569366308232176,40.63866945001969,clear,highway,morning,summer,illuminated,regular,unchanged,True,Q2,speed_balance
d8fc9cb7bb314b9d9eb5ec1332ce6e13,scene-c95d907aed7f472e9fd73f9aac273878-7,weather.overcast;area.highway;daytime.morning;season.summer;lighting.illuminated;structure.underpass;construction.unchanged,40,804,1206,2373,842,53,24.93247575130591,24.716619065696825,34.73654082795098,overcast,highway,morning,summer,illuminated,underpass,unchanged,True,Q2,speed_balance
dab5484636704c2a86e961db0ceb7a7a,scene-1b57d08cec074fbb99b64a2c514b1b09-10,weather.rain;area.highway;daytime.noon;season.autumn;lighting.illuminated;structure.underpass;construction.unchanged,40,804,1205,2293,678,43,26.529598309007056,24.602683343256906,34.349710578648995,rain,highway,noon,autumn,illuminated,underpass,unchanged,True,Q2,speed_balance
4d93a179db14457880ef1dca280e5970,scene-ca5c77238bd64f168aeb98c6dc06f022-4,weather.overcast;area.highway;daytime.noon;season.summer;lighting.illuminated;structure.regular;construction.roadworks,40,804,1206,2267,548,25,14.740085802967833,15.74674225207509,23.63550164187822,overcast,highway,noon,summer,illuminated,regular,roadworks,True,Q2,speed_balance
a88c39761a3a4df09655209e2f71ebd6,scene-47d21ae92c444c698d3db575db1dc8b7-10,weather.overcast;area.rural;daytime.noon;season.autumn;lighting.illuminated;structure.regular;construction.unchanged,40,803,1206,1940,319,13,14.650073170810126,17.602826052731007,24.31891705328355,overcast,rural,noon,autumn,illuminated,regular,unchanged,True,Q2,speed_balance
e8e549ddbcb149b9969c2e9f0b21db38,scene-30b0fa9fa9ec4284961734504bd5ca1e-10,weather.clear;area.rural;daytime.noon;season.winter;lighting.twilight;structure.regular;construction.unchanged,40,804,1208,2172,422,23,20.510355321512314,19.77344036652842,27.035735763502167,clear,rural,noon,winter,twilight,regular,unchanged,True,Q2,speed_balance
945c9eaf1aa248298fbfd32578b25833,scene-3f542f89ec5241b6a4e30ca743adcf34-33,weather.overcast;area.highway;daytime.morning;season.summer;lighting.illuminated;structure.regular;construction.roadworks,40,804,1205,2381,1481,80,17.52908672293048,17.894380064288065,23.889216507718572,overcast,highway,morning,summer,illuminated,regular,roadworks,True,Q2,speed_balance
2833608c0cec49b8bc66f018ac76fdd2,scene-3b2209c7534c4ad9b80a48b1b0c0682a-2,weather.rain;area.highway;daytime.noon;season.autumn;lighting.dark;structure.regular;construction.unchanged,40,804,1205,2348,772,65,28.20347474765356,28.445126491890797,34.59748968786386,rain,highway,noon,autumn,dark,regular,unchanged,True,Q3,speed_balance
cc4a7e0307d74ad5a4328481eda7b45e,scene-61eecde6d6fb4ffeb15d59b428066b5a-8,weather.clear;area.highway;daytime.morning;season.summer;lighting.illuminated;structure.underpass;construction.unchanged,40,804,1205,2357,897,58,29.419778804866755,26.88894277306067,41.17838553815048,clear,highway,morning,summer,illuminated,underpass,unchanged,True,Q3,speed_balance
8b7e48c15e504f54ae88531a01f8f72b,scene-7174d2619b1c40f0a150811fe83c98eb-22,weather.clear;area.highway;daytime.morning;season.summer;lighting.illuminated;structure.regular;construction.unchanged,40,805,1206,2217,482,29,29.675449149080734,24.993463844746334,45.59145409010753,clear,highway,morning,summer,illuminated,regular,unchanged,True,Q3,speed_balance
da00020b2551490c850cb23bcce87f91,scene-bd14694f937f4df3aa278c5a9cc2a554-14,weather.overcast;area.highway;daytime.noon;season.summer;lighting.illuminated;structure.underpass;construction.unchanged,40,804,1206,2352,502,40,25.765370745759018,26.31759802940264,31.84659459306928,overcast,highway,noon,summer,illuminated,underpass,unchanged,True,Q3,speed_balance
e19b68de2ef2479b85ec3848b2377bb7,scene-1b57d08cec074fbb99b64a2c514b1b09-4,weather.rain;area.highway;daytime.noon;season.autumn;lighting.illuminated;structure.underpass;construction.unchanged,40,804,1206,2315,505,29,28.338786895867045,27.77718554546422,35.924467759349824,rain,highway,noon,autumn,illuminated,underpass,unchanged,True,Q3,speed_balance
e3a32efb66244fe29a3abe47a3c6636e,scene-61eecde6d6fb4ffeb15d59b428066b5a-12,weather.clear;area.highway;daytime.morning;season.summer;lighting.illuminated;structure.regular;construction.unchanged,40,804,1205,2362,1103,91,27.84042488175513,27.665156512944296,34.67414464542207,clear,highway,morning,summer,illuminated,regular,unchanged,True,Q3,speed_balance
380d47c9eaa64234b75e12ddaf84a3e2,scene-757adc42b1aa4436a62036e10e3999ce-5,weather.clear;area.highway;daytime.morning;season.autumn;lighting.illuminated;structure.regular;construction.unchanged,40,804,1205,2386,976,70,27.271602742751565,26.54852052525733,33.893433176814014,clear,highway,morning,autumn,illuminated,regular,unchanged,True,Q3,speed_balance
5075d01f7432494c9498435c9a8be080,scene-ca5c77238bd64f168aeb98c6dc06f022-8,weather.overcast;area.highway;daytime.noon;season.summer;lighting.illuminated;structure.regular;construction.unchanged,40,804,1206,2387,403,21,30.558186204750236,28.87143563339175,41.24412289456619,overcast,highway,noon,summer,illuminated,regular,unchanged,True,Q3,speed_balance
77412a38671a424788b68252b398ad28,scene-41640f6466f34238b0c03f673abe9417-14,weather.clear;area.highway;daytime.morning;season.autumn;lighting.dark;structure.underpass;construction.unchanged,40,804,1206,2363,1442,94,27.36741208999548,27.77552793600186,32.1764879512463,clear,highway,morning,autumn,dark,underpass,unchanged,True,Q3,speed_balance
944d33c0e3a04b428d6c2b36f4f2dc7d,scene-7174d2619b1c40f0a150811fe83c98eb-7,weather.clear;area.highway;daytime.morning;season.summer;lighting.illuminated;structure.regular;construction.unchanged,40,805,1205,2304,703,46,28.216589926868327,27.294372517944026,39.020538224998084,clear,highway,morning,summer,illuminated,regular,unchanged,True,Q3,speed_balance
503653dd16cf4d8a80f6e10d2eb0e9e5,scene-7174d2619b1c40f0a150811fe83c98eb-38,weather.clear;area.highway;daytime.morning;season.summer;lighting.illuminated;structure.regular;construction.unchanged,40,805,1205,2371,977,87,27.614829300714693,25.70651480883711,40.88645178968569,clear,highway,morning,summer,illuminated,regular,unchanged,True,Q3,speed_balance
ceda19e518b4456695e7f5d9ccb0d513,scene-fb64d203d417452f830ca73efed80c41-6,weather.overcast;area.highway;daytime.noon;season.winter;lighting.illuminated;structure.tunnel;construction.unchanged,40,805,1208,2322,772,42,28.780461340564564,28.019038245108053,39.92395516680544,overcast,highway,noon,winter,illuminated,tunnel,unchanged,True,Q3,speed_balance
6774d07010dc43c1bdf21af6de0b7e86,scene-3195e3bfd1de4f9ba82f874790c7856c-10,weather.overcast;area.highway;daytime.noon;season.summer;lighting.illuminated;structure.regular;construction.unchanged,40,805,1208,2365,893,96,28.61999001842717,28.734352749468766,36.30335584410729,overcast,highway,noon,summer,illuminated,regular,unchanged,True,Q3,speed_balance
2f06bee709474213a2df1ea4d611effd,scene-bd14694f937f4df3aa278c5a9cc2a554-15,weather.overcast;area.highway;daytime.noon;season.summer;lighting.illuminated;structure.bridge;construction.unchanged,40,804,1205,2306,684,38,27.904087099846937,29.101150592482497,31.713550399542672,overcast,highway,noon,summer,illuminated,bridge,unchanged,True,Q3,speed_balance
937942010bac476489c05238a9b12183,scene-d24a0af639f642b9a721437b6ac8a893-3,weather.clear;area.highway;daytime.evening;season.autumn;lighting.dark;structure.underpass;construction.unchanged,40,804,1206,2377,526,37,29.58096955521067,26.20671712707344,40.61384869177919,clear,highway,evening,autumn,dark,underpass,unchanged,True,Q3,speed_balance
b9f3b2cdfab348ec8c0af6bc1186fb22,scene-3195e3bfd1de4f9ba82f874790c7856c-13,weather.overcast;area.highway;daytime.noon;season.summer;lighting.illuminated;structure.underpass;construction.unchanged,40,805,1207,2302,1024,71,28.508205131822546,28.142531821830772,34.83606498498925,overcast,highway,noon,summer,illuminated,underpass,unchanged,True,Q3,speed_balance
eb1a76a76afe4dcf8def4a9d169d4f58,scene-a07c321013b94cf0a0c281f59d0455bc-8,weather.clear;area.highway;daytime.noon;season.winter;lighting.illuminated;structure.regular;construction.unchanged,40,804,1208,2292,475,29,28.05231644668895,27.29978306895956,36.21076750370877,clear,highway,noon,winter,illuminated,regular,unchanged,True,Q3,speed_balance
b41f15d6eb8b4505ad1127b628acc000,scene-7174d2619b1c40f0a150811fe83c98eb-8,weather.overcast;area.highway;daytime.morning;season.summer;lighting.illuminated;structure.overpass;construction.unchanged,40,805,1205,2296,602,47,28.234101798540962,25.14809166279601,43.30607440511989,overcast,highway,morning,summer,illuminated,overpass,unchanged,True,Q3,speed_balance
84afe50b092a4752ac2aa047a0c85300,scene-f123519a7ffd4e85bb61763335edbb6b-8,weather.rain;area.highway;daytime.noon;season.autumn;lighting.glare;structure.regular;construction.unchanged,40,805,1208,2409,825,44,24.7740138494438,25.806331955231244,31.240799419460135,rain,highway,noon,autumn,glare,regular,unchanged,True,Q3,speed_balance
13588a1f96b841dc8a13e4787a79cf3e,scene-13f4b71b1bd04a9e88747ad8f58a3f67-13,weather.clear;area.highway;daytime.evening;season.autumn;lighting.dark;structure.regular;construction.unchanged,40,804,1206,2356,485,46,27.981927480779387,27.140405109335106,40.076948201105296,clear,highway,evening,autumn,dark,regular,unchanged,True,Q3,speed_balance
07ca1593bf444f4fa4b45ef5268506f9,scene-3f542f89ec5241b6a4e30ca743adcf34-41,weather.overcast;area.highway;daytime.morning;season.summer;lighting.illuminated;structure.underpass;construction.unchanged,40,804,1205,2358,919,72,25.992019789317556,25.017774672483977,34.32734633765024,overcast,highway,morning,summer,illuminated,underpass,unchanged,True,Q3,speed_balance
e3fb113a2a354fe5b5d652063132d8fd,scene-61eecde6d6fb4ffeb15d59b428066b5a-3,weather.clear;area.highway;daytime.morning;season.summer;lighting.illuminated;structure.regular;construction.unchanged,40,804,1206,2381,876,53,30.006193394653746,27.921783592157773,42.74405959042403,clear,highway,morning,summer,illuminated,regular,unchanged,True,Q3,speed_balance
0f0bccbbae8e48ecaec486d4b57f0a37,scene-7d6fe6a041cd4ee3bd400a747ce9d94d-8,weather.rain;area.highway;daytime.noon;season.autumn;lighting.illuminated;structure.overpass;construction.unchanged,40,805,1207,2337,449,24,26.896323799827382,26.011162443984915,33.69614726846762,rain,highway,noon,autumn,illuminated,overpass,unchanged,True,Q3,speed_balance
734d0bc8d0f34554ae63f6dcb4965973,scene-c95d907aed7f472e9fd73f9aac273878-22,weather.rain;area.highway;daytime.morning;season.summer;lighting.illuminated;structure.regular;construction.unchanged,40,804,1205,2303,1386,90,26.69889768768943,25.65966766287716,32.05488453979789,rain,highway,morning,summer,illuminated,regular,unchanged,True,Q3,speed_balance
0fbaaf16e1284f7d96681bd7fda30747,scene-3f542f89ec5241b6a4e30ca743adcf34-21,weather.overcast;area.highway;daytime.morning;season.summer;lighting.illuminated;structure.regular;construction.unchanged,40,804,1206,2364,1074,83,26.63005111713144,25.085692728389056,34.008566278130104,overcast,highway,morning,summer,illuminated,regular,unchanged,True,Q3,speed_balance
30cddafdd4b24767a95aac20383d152c,scene-61eecde6d6fb4ffeb15d59b428066b5a-1,weather.clear;area.highway;daytime.morning;season.summer;lighting.illuminated;structure.regular;construction.unchanged,40,804,1206,2355,1021,59,29.2729431162759,27.101432989236148,41.83269209662314,clear,highway,morning,summer,illuminated,regular,unchanged,True,Q3,speed_balance
eae9f57c086f487086e1da92e95f15de,scene-c95d907aed7f472e9fd73f9aac273878-6,weather.overcast;area.highway;daytime.morning;season.summer;lighting.illuminated;structure.underpass;construction.unchanged,40,804,1206,2339,1267,73,26.353785070004676,25.15328075588889,34.92385089752725,overcast,highway,morning,summer,illuminated,underpass,unchanged,True,Q3,speed_balance
d0f3f252d06e41c4b1aed1fe78782580,scene-bd14694f937f4df3aa278c5a9cc2a554-22,weather.overcast;area.highway;daytime.noon;season.summer;lighting.illuminated;structure.bridge;construction.unchanged,40,804,1206,2383,643,40,27.84863167724038,27.448004058057357,33.72495543427133,overcast,highway,noon,summer,illuminated,bridge,unchanged,True,Q3,speed_balance
323412322e8441e2bf4edd9c19821036,scene-41640f6466f34238b0c03f673abe9417-23,weather.clear;area.highway;daytime.morning;season.autumn;lighting.twilight;structure.regular;construction.unchanged,40,804,1206,2252,640,46,27.900062132071206,28.94009011223526,32.95792023857751,clear,highway,morning,autumn,twilight,regular,unchanged,True,Q3,speed_balance
8ee1bf001bbf49099f56e1c571d2053e,scene-c95d907aed7f472e9fd73f9aac273878-24,weather.rain;area.highway;daytime.morning;season.summer;lighting.illuminated;structure.regular;construction.unchanged,40,804,1205,2368,1255,97,27.21757577916302,25.883862655329814,36.39581261820626,rain,highway,morning,summer,illuminated,regular,unchanged,True,Q3,speed_balance
b71e2b6ba3fa4279b36bfd4b9720251e,scene-3195e3bfd1de4f9ba82f874790c7856c-15,weather.overcast;area.highway;daytime.noon;season.summer;lighting.illuminated;structure.regular;construction.unchanged,40,805,1208,2362,1178,78,26.702031652537734,27.92296303840586,32.70696354909178,overcast,highway,noon,summer,illuminated,regular,unchanged,True,Q3,speed_balance
6791fdbb542c4b3d99b5e1614631a8f5,scene-3195e3bfd1de4f9ba82f874790c7856c-18,weather.clear;area.highway;daytime.noon;season.summer;lighting.illuminated;structure.regular;construction.unchanged,40,805,1208,2327,819,59,25.630442147434014,26.791152338855635,33.49008431546502,clear,highway,noon,summer,illuminated,regular,unchanged,True,Q3,speed_balance
e4843bd5b3c5476d8f9c15a0dedbf045,scene-962178b446f0414797c0f75b020dbdef-3,weather.rain;area.rural;daytime.noon;season.autumn;lighting.illuminated;structure.bridge;construction.unchanged,40,805,1208,2245,340,15,25.768347448774403,28.032272652600405,33.35336402763155,rain,rural,noon,autumn,illuminated,bridge,unchanged,True,Q3,speed_balance
0b17de05ec294ec5941a27e378b3f82a,scene-3f542f89ec5241b6a4e30ca743adcf34-19,weather.rain;area.highway;daytime.morning;season.summer;lighting.illuminated;structure.bridge;construction.unchanged,40,804,1206,2404,1109,78,26.889932080548856,27.004744244342472,34.2920885953747,rain,highway,morning,summer,illuminated,bridge,unchanged,True,Q3,speed_balance
18fbecffbcae442cb24da0ec3c815caf,scene-f64433299e854aff822d736aca2a62b4-14,weather.clear;area.highway;daytime.morning;season.summer;lighting.illuminated;structure.regular;construction.unchanged,40,805,1207,2350,904,70,28.588166554141978,28.187591674956252,35.47675663702655,clear,highway,morning,summer,illuminated,regular,unchanged,True,Q3,speed_balance
d72d1ac796d14a919b1af4851ef36325,scene-7d6fe6a041cd4ee3bd400a747ce9d94d-6,weather.rain;area.highway;daytime.noon;season.autumn;lighting.illuminated;structure.underpass;construction.unchanged,40,805,1207,2374,968,73,29.883737595880074,30.85303775621213,36.754921776533934,rain,highway,noon,autumn,illuminated,underpass,unchanged,True,Q4_high,speed_balance
018a60086f5e441fb09f476e55948b72,scene-7174d2619b1c40f0a150811fe83c98eb-10,weather.clear;area.highway;daytime.morning;season.summer;lighting.illuminated;structure.underpass;construction.unchanged,40,805,1206,2348,938,56,30.482389941295587,31.956725065688666,45.81157443898096,clear,highway,morning,summer,illuminated,underpass,unchanged,True,Q4_high,speed_balance
f34aa2133e054f0ca35430e2d1cf52c5,scene-3b2209c7534c4ad9b80a48b1b0c0682a-8,weather.rain;area.highway;daytime.noon;season.autumn;lighting.glare;structure.regular;construction.unchanged,40,804,1206,2394,1057,70,29.599121477158903,30.451014084629218,36.00117914730949,rain,highway,noon,autumn,glare,regular,unchanged,True,Q4_high,speed_balance
ae6f746dcd7c444596213d0652db8daf,scene-57f9e1f3e5bc4ab9a1d7a715d71b3c68-6,weather.clear;area.highway;daytime.noon;season.summer;lighting.illuminated;structure.regular;construction.unchanged,40,805,1205,2267,531,47,34.52240763976586,34.66135721577923,45.63552078105383,clear,highway,noon,summer,illuminated,regular,unchanged,True,Q4_high,speed_balance
fa323a5494ed48eaa9227ab5490ab79a,scene-bd14694f937f4df3aa278c5a9cc2a554-19,weather.overcast;area.highway;daytime.noon;season.summer;lighting.illuminated;structure.regular;construction.unchanged,40,804,1205,2251,739,44,28.529478886607066,29.538390015303577,32.57669599335747,overcast,highway,noon,summer,illuminated,regular,unchanged,True,Q4_high,speed_balance
fe0d4875861c462d801aaddb3a560c77,scene-7d6fe6a041cd4ee3bd400a747ce9d94d-9,weather.rain;area.highway;daytime.noon;season.autumn;lighting.illuminated;structure.underpass;construction.unchanged,40,805,1207,2369,503,29,29.75400674577673,30.31742963806846,36.646150286484385,rain,highway,noon,autumn,illuminated,underpass,unchanged,True,Q4_high,speed_balance
43fd7a5e728f461b83064344aedb7731,scene-a038db099ca34ec4b8a9422758969bb8-1,weather.overcast;area.highway;daytime.noon;season.autumn;lighting.illuminated;structure.overpass;construction.unchanged,40,805,1208,2382,872,61,31.10562179267187,30.958409033851687,46.657019333424664,overcast,highway,noon,autumn,illuminated,overpass,unchanged,True,Q4_high,speed_balance
56ef7cf702cf48fd9f52fd66480b10ed,scene-cc3bdae2b0a244db821e609e2f31ac6b-9,weather.overcast;area.highway;daytime.morning;season.autumn;lighting.illuminated;structure.regular;construction.unchanged,40,804,1206,2395,746,46,29.77121908907522,31.386881201218912,34.46980849097835,overcast,highway,morning,autumn,illuminated,regular,unchanged,True,Q4_high,speed_balance
09eebd38c94b48a79e80fdc2bb587a6c,scene-a47fe0701d2b40628c47322c9f991986-6,weather.clear;area.highway;daytime.noon;season.winter;lighting.twilight;structure.regular;construction.unchanged,40,804,1206,2316,390,21,28.56907487194466,31.816583341492347,36.61107907354975,clear,highway,noon,winter,twilight,regular,unchanged,True,Q4_high,speed_balance
4b9fbcdbc3c44ffcb17f06a3996a5770,scene-57f9e1f3e5bc4ab9a1d7a715d71b3c68-10,weather.clear;area.highway;daytime.evening;season.summer;lighting.illuminated;structure.regular;construction.unchanged,40,805,1206,2107,968,90,31.377803200283022,31.438212730904844,44.64048404526929,clear,highway,evening,summer,illuminated,regular,unchanged,True,Q4_high,speed_balance
2adef234edcf45cfbb10934ed71ddb07,scene-b502fc44d4324e1cb0349f8fa46d4014-9,weather.clear;area.highway;daytime.morning;season.summer;lighting.illuminated;structure.regular;construction.unchanged,40,805,1206,2286,623,56,30.176038666890573,30.741445533099185,38.52089779486995,clear,highway,morning,summer,illuminated,regular,unchanged,True,Q4_high,speed_balance
a522eef2884242189ffadd6a3562aa34,scene-57f9e1f3e5bc4ab9a1d7a715d71b3c68-11,weather.clear;area.highway;daytime.evening;season.summer;lighting.illuminated;structure.regular;construction.unchanged,40,805,1206,2287,689,50,29.690067556002507,31.115533087579465,36.91167094941517,clear,highway,evening,summer,illuminated,regular,unchanged,True,Q4_high,speed_balance
9bb46c4d59ad42ad8f67f5306213c255,scene-9b7f8b017e8c48d9816c4afa150c60a2-8,weather.clear;area.highway;daytime.evening;season.autumn;lighting.twilight;structure.regular;construction.unchanged,40,804,1205,2371,988,63,26.301887609822558,30.86167789377064,37.62037110584505,clear,highway,evening,autumn,twilight,regular,unchanged,True,Q4_high,speed_balance
1788cf0cd5a54711986f6cc7fa1f4f5e,scene-13f4b71b1bd04a9e88747ad8f58a3f67-10,weather.clear;area.highway;daytime.evening;season.autumn;lighting.dark;structure.underpass;construction.unchanged,40,804,1205,2259,399,23,35.61306875669991,35.37020950632886,50.99988442242146,clear,highway,evening,autumn,dark,underpass,unchanged,True,Q4_high,speed_balance
07a60b99d70f440a849323737c2f27b0,scene-bd14694f937f4df3aa278c5a9cc2a554-10,weather.clear;area.highway;daytime.noon;season.summer;lighting.illuminated;structure.regular;construction.unchanged,40,804,1206,2366,766,54,29.569013707792795,30.195483104325046,37.00502767754951,clear,highway,noon,summer,illuminated,regular,unchanged,True,Q4_high,speed_balance
19d083382acc4ae1a675d229972b93a2,scene-e1dbd50ff4694a46b4997f4dec87f667-41,weather.clear;area.highway;daytime.morning;season.summer;lighting.illuminated;structure.regular;construction.unchanged,40,802,1205,2353,641,58,31.627678190231606,33.146120240062245,41.643778315020135,clear,highway,morning,summer,illuminated,regular,unchanged,True,Q4_high,speed_balance
a7965730aec74cabab0533099506a8ba,scene-61eecde6d6fb4ffeb15d59b428066b5a-4,weather.clear;area.highway;daytime.morning;season.summer;lighting.illuminated;structure.underpass;construction.unchanged,40,804,1205,2378,777,43,31.371911906110583,32.98592667267518,40.80123991378211,clear,highway,morning,summer,illuminated,underpass,unchanged,True,Q4_high,speed_balance
307e2846a3014b9db0cc915e462317e5,scene-a47fe0701d2b40628c47322c9f991986-4,weather.clear;area.highway;daytime.noon;season.winter;lighting.twilight;structure.regular;construction.unchanged,40,804,1205,2267,483,29,33.99485364980812,35.695335050449735,42.060842533507255,clear,highway,noon,winter,twilight,regular,unchanged,True,Q4_high,speed_balance
553aed77df1846b4b8626d773509db72,scene-f64433299e854aff822d736aca2a62b4-7,weather.overcast;area.highway;daytime.morning;season.summer;lighting.illuminated;structure.overpass;construction.unchanged,40,805,1208,2339,961,66,30.361725242972756,30.822068111926033,38.05624146111535,overcast,highway,morning,summer,illuminated,overpass,unchanged,True,Q4_high,speed_balance
f6865a79af0c4afe9a40076abc5b0200,scene-b502fc44d4324e1cb0349f8fa46d4014-17,weather.clear;area.highway;daytime.morning;season.summer;lighting.illuminated;structure.regular;construction.unchanged,40,805,1205,2169,441,32,35.833526338708545,37.42917081822906,47.58398602347572,clear,highway,morning,summer,illuminated,regular,unchanged,True,Q4_high,speed_balance
9788c0b927c749b389c025c9e767d99c,scene-3195e3bfd1de4f9ba82f874790c7856c-22,weather.overcast;area.highway;daytime.noon;season.summer;lighting.illuminated;structure.bridge;construction.unchanged,40,805,1208,2295,857,54,24.543788787248268,29.416862359290374,36.27204368852517,overcast,highway,noon,summer,illuminated,bridge,unchanged,True,Q4_high,speed_balance
f82193eace924a61b0ba500d5905e187,scene-13f4b71b1bd04a9e88747ad8f58a3f67-7,weather.clear;area.highway;daytime.evening;season.autumn;lighting.dark;structure.regular;construction.unchanged,40,804,1206,2254,674,44,36.08644998810613,35.34596035639286,44.21394226201859,clear,highway,evening,autumn,dark,regular,unchanged,True,Q4_high,speed_balance
55755658c70d4527be490760cd6db1c8,scene-e1dbd50ff4694a46b4997f4dec87f667-5,weather.clear;area.highway;daytime.morning;season.summer;lighting.illuminated;structure.regular;construction.unchanged,40,802,1205,2127,698,59,33.6587583434028,34.26407707748867,44.58409729762851,clear,highway,morning,summer,illuminated,regular,unchanged,True,Q4_high,speed_balance
e6d838f53fe84e35a9040c130bb5f77d,scene-13f4b71b1bd04a9e88747ad8f58a3f67-8,weather.clear;area.highway;daytime.evening;season.autumn;lighting.dark;structure.regular;construction.unchanged,40,804,1205,2296,453,34,32.59056677402838,32.963080997014444,44.58957088295356,clear,highway,evening,autumn,dark,regular,unchanged,True,Q4_high,speed_balance
c9211a47c0f244febcc588cdda8b24f2,scene-d24a0af639f642b9a721437b6ac8a893-10,weather.clear;area.highway;daytime.evening;season.autumn;lighting.dark;structure.regular;construction.unchanged,40,804,1205,2297,705,39,33.31831466251434,34.939813311119124,44.57812722604803,clear,highway,evening,autumn,dark,regular,unchanged,True,Q4_high,speed_balance
a504f90739ed437ca0d47e00453b221a,scene-7174d2619b1c40f0a150811fe83c98eb-1,weather.clear;area.highway;daytime.morning;season.summer;lighting.illuminated;structure.regular;construction.unchanged,33,797,1127,2088,581,48,32.597062492491204,33.29068728874399,46.29908873174625,clear,highway,morning,summer,illuminated,regular,unchanged,True,Q4_high,speed_balance
3a9b36f0a02d45b38b9f2516b5121ff3,scene-a038db099ca34ec4b8a9422758969bb8-4,weather.overcast;area.highway;daytime.noon;season.autumn;lighting.illuminated;structure.regular;construction.unchanged,40,805,1207,2251,944,61,31.171422519041414,31.394672445434896,41.94636524397358,overcast,highway,noon,autumn,illuminated,regular,unchanged,True,Q4_high,speed_balance
49d849b04aa24bed81647515b93d75ce,scene-a2fd0ce217b5420982d94bccc8e0614c-12,weather.clear;area.highway;daytime.noon;season.winter;lighting.illuminated;structure.regular;construction.unchanged,40,804,1205,2379,557,30,33.23132198749703,35.226220971525684,43.067988399775125,clear,highway,noon,winter,illuminated,regular,unchanged,True,Q4_high,speed_balance
5d3bf850df1b4c8f8cf1306baa8a95fd,scene-7174d2619b1c40f0a150811fe83c98eb-27,weather.clear;area.highway;daytime.morning;season.summer;lighting.illuminated;structure.bridge;construction.unchanged,40,805,1206,2332,619,48,31.71071285484573,34.04294968059299,43.25601641037673,clear,highway,morning,summer,illuminated,bridge,unchanged,True,Q4_high,speed_balance
533267314a0f4d58a36e6111083166a4,scene-0c2e941c5ba2476b9e20b29ce4c678b9-10,weather.clear;area.highway;daytime.noon;season.summer;lighting.illuminated;structure.regular;construction.unchanged,40,805,1208,2214,571,48,32.10009458118521,31.292352444704925,44.734695273745146,clear,highway,noon,summer,illuminated,regular,unchanged,True,Q4_high,speed_balance
0a618695cfee487793ab917751f89f3f,scene-13f4b71b1bd04a9e88747ad8f58a3f67-9,weather.clear;area.highway;daytime.evening;season.autumn;lighting.dark;structure.regular;construction.unchanged,40,804,1206,2344,428,34,30.587937586157054,33.53608552148272,56.018386390931745,clear,highway,evening,autumn,dark,regular,unchanged,True,Q4_high,speed_balance
56a41d9815734c0bb14d265d9f97be2a,scene-7174d2619b1c40f0a150811fe83c98eb-13,weather.clear;area.highway;daytime.morning;season.summer;lighting.illuminated;structure.regular;construction.unchanged,40,805,1206,2283,867,57,30.36537805238189,29.571970265739964,44.860039719105615,clear,highway,morning,summer,illuminated,regular,unchanged,True,Q4_high,speed_balance
1797f997ba704bd6a15c83592a8ff7d5,scene-f64433299e854aff822d736aca2a62b4-8,weather.overcast;area.highway;daytime.morning;season.summer;lighting.illuminated;structure.overpass;construction.unchanged,40,805,1208,2377,999,73,28.97514516548908,29.807331309056373,37.285702895483006,overcast,highway,morning,summer,illuminated,overpass,unchanged,True,Q4_high,speed_balance
ecc4d95570284495b8770546ff390b26,scene-538ab15b0996453584970e99a7d82d34-10,weather.rain;area.highway;daytime.noon;season.autumn;lighting.illuminated;structure.overpass;construction.unchanged,40,805,1207,2365,1247,71,31.77736105327716,32.54623913089618,42.00031411640081,rain,highway,noon,autumn,illuminated,overpass,unchanged,True,Q4_high,speed_balance
78b9b47554ef495db6233b4b3d6ae968,scene-9db2aaafda8c40efbb195b214311f4f2-7,weather.clear;area.highway;daytime.evening;season.summer;lighting.illuminated;structure.regular;construction.unchanged,40,802,1205,2205,536,46,30.217087557394912,29.62141700346369,40.50680271246671,clear,highway,evening,summer,illuminated,regular,unchanged,True,Q4_high,speed_balance
37b80163c06b487e85bc51549e698de2,scene-e1dbd50ff4694a46b4997f4dec87f667-33,weather.clear;area.highway;daytime.morning;season.summer;lighting.illuminated;structure.underpass;construction.unchanged,40,802,1205,2245,539,45,31.11836722737926,31.887234023145645,43.20110510723463,clear,highway,morning,summer,illuminated,underpass,unchanged,True,Q4_high,speed_balance
68423a39bf1d4c6e9f434a2dc3ff0e1d,scene-b502fc44d4324e1cb0349f8fa46d4014-37,weather.clear;area.highway;daytime.morning;season.summer;lighting.illuminated;structure.regular;construction.unchanged,40,805,1205,2160,735,41,33.95547689460567,33.40011183605255,47.10573807954391,clear,highway,morning,summer,illuminated,regular,unchanged,True,Q4_high,speed_balance
c7ec8d152fd248df92b06dba1d5e0238,scene-151b4346109a43769f29f0a7ec75fb1d-7,weather.rain;area.highway;daytime.noon;season.winter;lighting.illuminated;structure.regular;construction.unchanged,40,805,1208,2371,640,32,29.310144245600622,29.301272417413884,35.16174052651226,rain,highway,noon,winter,illuminated,regular,unchanged,True,Q4_high,speed_balance
5492b1500c964e4f99e414cfc09df17a,scene-a07c321013b94cf0a0c281f59d0455bc-7,weather.overcast;area.highway;daytime.noon;season.winter;lighting.illuminated;structure.regular;construction.unchanged,40,804,1208,2237,399,21,30.367324883253083,31.449111182904527,36.20568069190941,overcast,highway,noon,winter,illuminated,regular,unchanged,True,Q4_high,speed_balance
5befd41bc7ce40dfa6b1518730378e58,scene-3f542f89ec5241b6a4e30ca743adcf34-9,weather.overcast;area.highway;daytime.morning;season.summer;lighting.illuminated;structure.regular;construction.unchanged,40,804,1206,2319,1058,65,30.124203814723867,30.569703348635223,39.61962101559918,overcast,highway,morning,summer,illuminated,regular,unchanged,True,Q4_high,speed_balance
